ID	treatment	ASV	isolate	germination	root_length	shoot_length	total_length	side_roots	true_leaves	yellowing_leaves	dry_stem	dry_root	diseased_stem	diseased_root
T1_A1	C28_M1_B3	ASV 3151	Pseudomonas punonensis	TRUE	10	4.5	14.5	TRUE	TRUE	FALSE	FALSE	FALSE	FALSE	FALSE
T1_A2	C28_M1_B3	ASV 3151	Pseudomonas punonensis	TRUE	5.3	3	8.3	TRUE	TRUE	FALSE	FALSE	FALSE	FALSE	FALSE
T1_A3	C28_M1_B3	ASV 3151	Pseudomonas punonensis	TRUE	3	3.5	6.5	TRUE	TRUE	FALSE	FALSE	FALSE	FALSE	FALSE
T1_A4	C28_M1_B3	ASV 3151	Pseudomonas punonensis	TRUE	4	4	8	TRUE	TRUE	FALSE	FALSE	FALSE	FALSE	FALSE
T1_A5	C28_M1_B3	ASV 3151	Pseudomonas punonensis	TRUE	4	5.8	9.8	TRUE	TRUE	FALSE	FALSE	FALSE	FALSE	FALSE
T1_A6	C28_M1_B3	ASV 3151	Pseudomonas punonensis	TRUE	13.5	4.5	18	TRUE	TRUE	FALSE	FALSE	FALSE	FALSE	FALSE
T1_A7	C28_M1_B3	ASV 3151	Pseudomonas punonensis	TRUE	11	7.5	18.5	TRUE	TRUE	FALSE	FALSE	FALSE	FALSE	FALSE
T1_A8	C28_M1_B3	ASV 3151	Pseudomonas punonensis	TRUE	17	6	23	TRUE	TRUE	FALSE	FALSE	FALSE	FALSE	FALSE
T1_A9	C28_M1_B3	ASV 3151	Pseudomonas punonensis	TRUE	13.5	7.8	21.3	TRUE	TRUE	TRUE	FALSE	FALSE	FALSE	FALSE
T1_A10	C28_M1_B3	ASV 3151	Pseudomonas punonensis	FALSE										
T1_B1	C28_M1_B3	ASV 3151	Pseudomonas punonensis	TRUE	10	6.8	16.8	FALSE	FALSE	FALSE	TRUE	FALSE	FALSE	FALSE
T1_B2	C28_M1_B3	ASV 3151	Pseudomonas punonensis	TRUE	9.2	9	18.2	TRUE	TRUE	FALSE	FALSE	FALSE	FALSE	FALSE
T1_B3	C28_M1_B3	ASV 3151	Pseudomonas punonensis	TRUE	5.7	3.2	8.9	TRUE	TRUE	FALSE	FALSE	FALSE	FALSE	FALSE
T1_B4	C28_M1_B3	ASV 3151	Pseudomonas punonensis	TRUE	7.5	4.4	11.9	TRUE	TRUE	FALSE	FALSE	FALSE	FALSE	FALSE
T1_B5	C28_M1_B3	ASV 3151	Pseudomonas punonensis	TRUE	12	6.5	18.5	TRUE	TRUE	FALSE	FALSE	FALSE	FALSE	FALSE
T1_B6	C28_M1_B3	ASV 3151	Pseudomonas punonensis	TRUE	9.5	4	13.5	TRUE	TRUE	FALSE	FALSE	FALSE	FALSE	FALSE
T1_B7	C28_M1_B3	ASV 3151	Pseudomonas punonensis	TRUE	11	7	18	TRUE	TRUE	FALSE	FALSE	FALSE	FALSE	FALSE
T1_B8	C28_M1_B3	ASV 3151	Pseudomonas punonensis	TRUE	14	6	20	TRUE	TRUE	FALSE	FALSE	FALSE	FALSE	FALSE
T1_B9	C28_M1_B3	ASV 3151	Pseudomonas punonensis	TRUE	9.2	4.2	13.4	TRUE	TRUE	FALSE	FALSE	FALSE	FALSE	TRUE
T1_B10	C28_M1_B3	ASV 3151	Pseudomonas punonensis	TRUE	4.5	5	9.5	TRUE	TRUE	FALSE	FALSE	FALSE	FALSE	TRUE
T1_C1	C28_M1_B3	ASV 3151	Pseudomonas punonensis	TRUE	7	6	13	TRUE	FALSE	FALSE	TRUE	FALSE	FALSE	FALSE
T1_C2	C28_M1_B3	ASV 3151	Pseudomonas punonensis	TRUE	11.6	6.3	17.9	TRUE	TRUE	FALSE	FALSE	FALSE	FALSE	FALSE
T1_C3	C28_M1_B3	ASV 3151	Pseudomonas punonensis	TRUE	18	3.5	21.5	TRUE	TRUE	FALSE	FALSE	FALSE	FALSE	FALSE
T1_C4	C28_M1_B3	ASV 3151	Pseudomonas punonensis	TRUE	12.5	5	17.5	FALSE	FALSE	TRUE	FALSE	FALSE	FALSE	FALSE
T1_C5	C28_M1_B3	ASV 3151	Pseudomonas punonensis	TRUE	14.6	6	20.6	TRUE	TRUE	FALSE	FALSE	FALSE	FALSE	FALSE
T1_C6	C28_M1_B3	ASV 3151	Pseudomonas punonensis	TRUE	6.3	5	11.3	FALSE	FALSE	FALSE	FALSE	FALSE	FALSE	FALSE
T1_C7	C28_M1_B3	ASV 3151	Pseudomonas punonensis	TRUE	5.1	7.5	12.6	TRUE	TRUE	FALSE	FALSE	FALSE	FALSE	FALSE
T1_C8	C28_M1_B3	ASV 3151	Pseudomonas punonensis	TRUE	1	1.7	2.7	FALSE	FALSE	FALSE	FALSE	FALSE	FALSE	TRUE
T1_C9	C28_M1_B3	ASV 3151	Pseudomonas punonensis	TRUE	4.5	3	7.5	FALSE	TRUE	TRUE	FALSE	FALSE	FALSE	TRUE
T1_C10	C28_M1_B3	ASV 3151	Pseudomonas punonensis	FALSE										
T1_D1	C28_M1_B3	ASV 3151	Pseudomonas punonensis	TRUE	6.5	8	14.5	FALSE	TRUE	FALSE	FALSE	FALSE	FALSE	FALSE
T1_D2	C28_M1_B3	ASV 3151	Pseudomonas punonensis	TRUE	3.1	1.2	4.3	FALSE	FALSE	FALSE	FALSE	FALSE	FALSE	FALSE
T1_D3	C28_M1_B3	ASV 3151	Pseudomonas punonensis	TRUE	9.5	7.2	16.7	FALSE	TRUE	FALSE	TRUE	TRUE	FALSE	FALSE
T1_D4	C28_M1_B3	ASV 3151	Pseudomonas punonensis	TRUE	1.8	1.1	2.9	FALSE	FALSE	FALSE	FALSE	FALSE	FALSE	FALSE
T1_D5	C28_M1_B3	ASV 3151	Pseudomonas punonensis	TRUE	0.5	1	1.5	FALSE	FALSE	FALSE	FALSE	FALSE	FALSE	TRUE
T1_D6	C28_M1_B3	ASV 3151	Pseudomonas punonensis	TRUE	11.5	8	19.5	FALSE	TRUE	FALSE	FALSE	FALSE	FALSE	FALSE
T1_D7	C28_M1_B3	ASV 3151	Pseudomonas punonensis	TRUE	12.5	6	18.5	TRUE	TRUE	FALSE	FALSE	FALSE	FALSE	FALSE
T1_D8	C28_M1_B3	ASV 3151	Pseudomonas punonensis	FALSE										
T1_D9	C28_M1_B3	ASV 3151	Pseudomonas punonensis	FALSE										
T1_D10	C28_M1_B3	ASV 3151	Pseudomonas punonensis	FALSE										
T1_E1	C28_M1_B3	ASV 3151	Pseudomonas punonensis	TRUE	2.3	5.5	7.8	TRUE	TRUE	FALSE	FALSE	FALSE	FALSE	FALSE
T1_E2	C28_M1_B3	ASV 3151	Pseudomonas punonensis	TRUE	6.2	3.6	9.8	FALSE	FALSE	FALSE	FALSE	FALSE	FALSE	TRUE
T1_E3	C28_M1_B3	ASV 3151	Pseudomonas punonensis	TRUE	7.3	6.5	13.8	TRUE	TRUE	FALSE	TRUE	FALSE	FALSE	FALSE
T1_E4	C28_M1_B3	ASV 3151	Pseudomonas punonensis	TRUE	7	6.5	13.5	FALSE	TRUE	FALSE	FALSE	FALSE	FALSE	FALSE
T1_E5	C28_M1_B3	ASV 3151	Pseudomonas punonensis	TRUE	6.1	6.9	13	FALSE	FALSE	TRUE	TRUE	FALSE	FALSE	FALSE
T1_E6	C28_M1_B3	ASV 3151	Pseudomonas punonensis	TRUE	0.9	2	2.9	FALSE	FALSE	FALSE	FALSE	FALSE	FALSE	FALSE
T1_E7	C28_M1_B3	ASV 3151	Pseudomonas punonensis	TRUE	2.1	3.9	6	TRUE	TRUE	FALSE	FALSE	FALSE	FALSE	FALSE
T1_E8	C28_M1_B3	ASV 3151	Pseudomonas punonensis	TRUE	7.4	5.4	12.8	FALSE	FALSE	FALSE	TRUE	FALSE	FALSE	FALSE
T1_E9	C28_M1_B3	ASV 3151	Pseudomonas punonensis	FALSE										
T1_E10	C28_M1_B3	ASV 3151	Pseudomonas punonensis	FALSE										
T1_F1	C28_M1_B3	ASV 3151	Pseudomonas punonensis	TRUE	2	2	4	TRUE	FALSE	FALSE	FALSE	FALSE	FALSE	FALSE
T1_F2	C28_M1_B3	ASV 3151	Pseudomonas punonensis	TRUE	7.5	6.2	13.7	FALSE	FALSE	FALSE	TRUE	FALSE	TRUE	FALSE
T1_F3	C28_M1_B3	ASV 3151	Pseudomonas punonensis	TRUE	6.2	4.5	10.7	FALSE	FALSE	FALSE	FALSE	FALSE	FALSE	TRUE
T1_F4	C28_M1_B3	ASV 3151	Pseudomonas punonensis	TRUE	7.9	6.1	14	FALSE	FALSE	FALSE	TRUE	FALSE	FALSE	FALSE
T1_F5	C28_M1_B3	ASV 3151	Pseudomonas punonensis	TRUE	7	3.3	10.3	FALSE	FALSE	TRUE	FALSE	FALSE	FALSE	TRUE
T1_F6	C28_M1_B3	ASV 3151	Pseudomonas punonensis	TRUE	12.4	5.2	17.6	TRUE	TRUE	FALSE	FALSE	FALSE	FALSE	FALSE
T1_F7	C28_M1_B3	ASV 3151	Pseudomonas punonensis	TRUE	9.5	6.7	16.2	FALSE	TRUE	FALSE	FALSE	FALSE	FALSE	FALSE
T1_F8	C28_M1_B3	ASV 3151	Pseudomonas punonensis	TRUE	5	6.2	11.2	TRUE	TRUE	TRUE	FALSE	FALSE	FALSE	TRUE
T1_F9	C28_M1_B3	ASV 3151	Pseudomonas punonensis	TRUE	0.6	0.6	1.2	FALSE	FALSE	FALSE	FALSE	FALSE	FALSE	TRUE
T1_F10	C28_M1_B3	ASV 3151	Pseudomonas punonensis	FALSE										
T1_G1	C28_M1_B3	ASV 3151	Pseudomonas punonensis	TRUE	8.7	6.2	14.9	FALSE	FALSE	FALSE	TRUE	FALSE	FALSE	TRUE
T1_G2	C28_M1_B3	ASV 3151	Pseudomonas punonensis	TRUE	11	6	17	TRUE	TRUE	FALSE	FALSE	FALSE	FALSE	FALSE
T1_G3	C28_M1_B3	ASV 3151	Pseudomonas punonensis	TRUE	7.7	6	13.7	TRUE	TRUE	TRUE	TRUE	FALSE	FALSE	TRUE
T1_G4	C28_M1_B3	ASV 3151	Pseudomonas punonensis	TRUE	6.7	5.5	12.2	TRUE	TRUE	FALSE	FALSE	FALSE	FALSE	TRUE
T1_G5	C28_M1_B3	ASV 3151	Pseudomonas punonensis	TRUE	17	5.4	22.4	TRUE	TRUE	FALSE	FALSE	FALSE	FALSE	FALSE
T1_G6	C28_M1_B3	ASV 3151	Pseudomonas punonensis	TRUE	4	5	9	TRUE	TRUE	TRUE	FALSE	FALSE	FALSE	TRUE
T1_G7	C28_M1_B3	ASV 3151	Pseudomonas punonensis	TRUE	2.5	4.4	6.9	TRUE	TRUE	FALSE	FALSE	FALSE	FALSE	TRUE
T1_G8	C28_M1_B3	ASV 3151	Pseudomonas punonensis	FALSE										
T1_G9	C28_M1_B3	ASV 3151	Pseudomonas punonensis	FALSE										
T1_G10	C28_M1_B3	ASV 3151	Pseudomonas punonensis	FALSE										
T1_H1	C28_M1_B3	ASV 3151	Pseudomonas punonensis	TRUE	12	7	19	FALSE	FALSE	FALSE	FALSE	FALSE	FALSE	FALSE
T1_H2	C28_M1_B3	ASV 3151	Pseudomonas punonensis	TRUE	12.4	5.3	17.7	TRUE	FALSE	TRUE	FALSE	FALSE	TRUE	FALSE
T1_H3	C28_M1_B3	ASV 3151	Pseudomonas punonensis	TRUE	10.4	8	18.4	TRUE	FALSE	FALSE	FALSE	FALSE	FALSE	FALSE
T1_H4	C28_M1_B3	ASV 3151	Pseudomonas punonensis	TRUE	6.5	5.3	11.8	FALSE	TRUE	FALSE	FALSE	FALSE	FALSE	FALSE
T1_H5	C28_M1_B3	ASV 3151	Pseudomonas punonensis	TRUE	0.7	2.2	2.9	FALSE	FALSE	FALSE	FALSE	FALSE	FALSE	TRUE
T1_H6	C28_M1_B3	ASV 3151	Pseudomonas punonensis	TRUE	1	1.2	2.2	FALSE	FALSE	FALSE	FALSE	FALSE	FALSE	FALSE
T1_H7	C28_M1_B3	ASV 3151	Pseudomonas punonensis	TRUE	6.4	7.4	13.8	TRUE	FALSE	FALSE	FALSE	FALSE	FALSE	TRUE
T1_H8	C28_M1_B3	ASV 3151	Pseudomonas punonensis	TRUE	9.7	5.8	15.5	FALSE	TRUE	FALSE	TRUE	FALSE	TRUE	FALSE
T1_H9	C28_M1_B3	ASV 3151	Pseudomonas punonensis	FALSE										
T1_H10	C28_M1_B3	ASV 3151	Pseudomonas punonensis	FALSE										
T1_I1	C28_M1_B3	ASV 3151	Pseudomonas punonensis	TRUE	3	6	9	TRUE	TRUE	FALSE	FALSE	FALSE	FALSE	TRUE
T1_I2	C28_M1_B3	ASV 3151	Pseudomonas punonensis	TRUE	12.5	7.8	20.3	TRUE	TRUE	TRUE	FALSE	FALSE	FALSE	FALSE
T1_I3	C28_M1_B3	ASV 3151	Pseudomonas punonensis	TRUE	9.4	5.1	14.5	TRUE	FALSE	FALSE	TRUE	FALSE	FALSE	FALSE
T1_I4	C28_M1_B3	ASV 3151	Pseudomonas punonensis	TRUE	9.9	4.3	14.2	TRUE	TRUE	FALSE	FALSE	FALSE	FALSE	FALSE
T1_I5	C28_M1_B3	ASV 3151	Pseudomonas punonensis	TRUE	15	6.3	21.3	TRUE	TRUE	FALSE	FALSE	FALSE	FALSE	FALSE
T1_I6	C28_M1_B3	ASV 3151	Pseudomonas punonensis	TRUE	8	7.3	15.3	FALSE	TRUE	FALSE	FALSE	FALSE	FALSE	FALSE
T1_I7	C28_M1_B3	ASV 3151	Pseudomonas punonensis	TRUE	13.6	4.2	17.8	TRUE	TRUE	FALSE	FALSE	FALSE	TRUE	FALSE
T1_I8	C28_M1_B3	ASV 3151	Pseudomonas punonensis	TRUE	11.9	5	16.9	TRUE	TRUE	FALSE	FALSE	FALSE	FALSE	FALSE
T1_I9	C28_M1_B3	ASV 3151	Pseudomonas punonensis	TRUE	12.3	4.3	16.6	TRUE	TRUE	FALSE	FALSE	TRUE	FALSE	FALSE
T1_I10	C28_M1_B3	ASV 3151	Pseudomonas punonensis	TRUE	9.5	4.4	13.9	FALSE	FALSE	TRUE	FALSE	FALSE	TRUE	TRUE
T1_J1	C28_M1_B3	ASV 3151	Pseudomonas punonensis	TRUE	11.4	8	19.4	TRUE	TRUE	TRUE	FALSE	FALSE	TRUE	FALSE
T1_J2	C28_M1_B3	ASV 3151	Pseudomonas punonensis	TRUE	10	8.5	18.5	TRUE	FALSE	FALSE	TRUE	FALSE	FALSE	FALSE
T1_J3	C28_M1_B3	ASV 3151	Pseudomonas punonensis	TRUE	6	5	11	TRUE	TRUE	FALSE	FALSE	FALSE	FALSE	TRUE
T1_J4	C28_M1_B3	ASV 3151	Pseudomonas punonensis	TRUE	6	4.5	10.5	FALSE	FALSE	FALSE	FALSE	FALSE	FALSE	TRUE
T1_J5	C28_M1_B3	ASV 3151	Pseudomonas punonensis	TRUE	5.7	5.5	11.2	TRUE	TRUE	FALSE	FALSE	FALSE	TRUE	TRUE
T1_J6	C28_M1_B3	ASV 3151	Pseudomonas punonensis	TRUE	4	4.2	8.2	TRUE	FALSE	TRUE	FALSE	FALSE	FALSE	TRUE
T1_J7	C28_M1_B3	ASV 3151	Pseudomonas punonensis	TRUE	4.2	4.6	8.8	TRUE	TRUE	TRUE	FALSE	FALSE	FALSE	TRUE
T1_J8	C28_M1_B3	ASV 3151	Pseudomonas punonensis	TRUE	6.3	5.4	11.7	TRUE	TRUE	TRUE	FALSE	FALSE	FALSE	TRUE
T1_J9	C28_M1_B3	ASV 3151	Pseudomonas punonensis	TRUE	10	6.6	16.6	FALSE	TRUE	FALSE	TRUE	FALSE	FALSE	FALSE
T1_J10	C28_M1_B3	ASV 3151	Pseudomonas punonensis	FALSE										
T1_K1	C28_M1_B3	ASV 3151	Pseudomonas punonensis	TRUE	5.3	5.3	10.6	FALSE	FALSE	FALSE	TRUE	FALSE	FALSE	TRUE
T1_K2	C28_M1_B3	ASV 3151	Pseudomonas punonensis	TRUE	2.1	2.9	5	TRUE	TRUE	FALSE	FALSE	FALSE	FALSE	TRUE
T1_K3	C28_M1_B3	ASV 3151	Pseudomonas punonensis	TRUE	11	4.5	15.5	FALSE	TRUE	FALSE	FALSE	FALSE	FALSE	FALSE
T1_K4	C28_M1_B3	ASV 3151	Pseudomonas punonensis	TRUE	8.1	6.5	14.6	FALSE	TRUE	FALSE	TRUE	FALSE	FALSE	FALSE
T1_K5	C28_M1_B3	ASV 3151	Pseudomonas punonensis	TRUE	14.4	3.6	18	TRUE	TRUE	FALSE	FALSE	FALSE	FALSE	FALSE
T1_K6	C28_M1_B3	ASV 3151	Pseudomonas punonensis	TRUE	7.6	7	14.6	TRUE	FALSE	FALSE	TRUE	FALSE	FALSE	FALSE
T1_K7	C28_M1_B3	ASV 3151	Pseudomonas punonensis	FALSE										
T1_K8	C28_M1_B3	ASV 3151	Pseudomonas punonensis	FALSE										
T1_K9	C28_M1_B3	ASV 3151	Pseudomonas punonensis	FALSE										
T1_K10	C28_M1_B3	ASV 3151	Pseudomonas punonensis	FALSE										
T1_L1	C28_M1_B3	ASV 3151	Pseudomonas punonensis	TRUE	5.7	3.2	8.9	TRUE	TRUE	FALSE	FALSE	FALSE	FALSE	FALSE
T1_L2	C28_M1_B3	ASV 3151	Pseudomonas punonensis	TRUE	8.3	7	15.3	FALSE	TRUE	TRUE	FALSE	FALSE	TRUE	FALSE
T1_L3	C28_M1_B3	ASV 3151	Pseudomonas punonensis	TRUE	8.7	5.8	14.5	TRUE	TRUE	FALSE	FALSE	FALSE	FALSE	FALSE
T1_L4	C28_M1_B3	ASV 3151	Pseudomonas punonensis	TRUE	9.4	5.3	14.7	TRUE	TRUE	FALSE	FALSE	FALSE	FALSE	TRUE
T1_L5	C28_M1_B3	ASV 3151	Pseudomonas punonensis	TRUE	4	4.9	8.9	TRUE	TRUE	FALSE	FALSE	FALSE	FALSE	TRUE
T1_L6	C28_M1_B3	ASV 3151	Pseudomonas punonensis	TRUE	8.3	7	15.3	TRUE	TRUE	FALSE	FALSE	FALSE	FALSE	FALSE
T1_L7	C28_M1_B3	ASV 3151	Pseudomonas punonensis	TRUE	10.5	7.2	17.7	TRUE	TRUE	TRUE	TRUE	FALSE	FALSE	FALSE
T1_L8	C28_M1_B3	ASV 3151	Pseudomonas punonensis	TRUE	4.5	4.3	8.8	TRUE	TRUE	TRUE	TRUE	FALSE	FALSE	TRUE
T1_L9	C28_M1_B3	ASV 3151	Pseudomonas punonensis	FALSE										
T1_L10	C28_M1_B3	ASV 3151	Pseudomonas punonensis	FALSE										
T2_A1	C65_M3_B2	ASV 3140	Pseudomonas congelans	TRUE	2.6	4	6.6	FALSE	TRUE	FALSE	TRUE	FALSE	FALSE	TRUE
T2_A2	C65_M3_B2	ASV 3140	Pseudomonas congelans	TRUE	6.2	6	12.2	TRUE	TRUE	TRUE	FALSE	FALSE	FALSE	TRUE
T2_A3	C65_M3_B2	ASV 3140	Pseudomonas congelans	TRUE	7.5	4	11.5	TRUE	TRUE	FALSE	FALSE	FALSE	FALSE	FALSE
T2_A4	C65_M3_B2	ASV 3140	Pseudomonas congelans	TRUE	4	0.7	4.7	FALSE	FALSE	FALSE	FALSE	FALSE	FALSE	TRUE
T2_A5	C65_M3_B2	ASV 3140	Pseudomonas congelans	TRUE	7	2.5	9.5	FALSE	TRUE	FALSE	FALSE	FALSE	FALSE	TRUE
T2_A6	C65_M3_B2	ASV 3140	Pseudomonas congelans	TRUE	2.5	3	5.5	FALSE	FALSE	FALSE	FALSE	FALSE	TRUE	FALSE
T2_A7	C65_M3_B2	ASV 3140	Pseudomonas congelans	TRUE	3.3	3.5	6.8	TRUE	TRUE	FALSE	FALSE	FALSE	FALSE	TRUE
T2_A8	C65_M3_B2	ASV 3140	Pseudomonas congelans	TRUE	2	1.5	3.5	FALSE	FALSE	FALSE	FALSE	FALSE	FALSE	TRUE
T2_A9	C65_M3_B2	ASV 3140	Pseudomonas congelans	FALSE										
T2_A10	C65_M3_B2	ASV 3140	Pseudomonas congelans	FALSE										
T2_B1	C65_M3_B2	ASV 3140	Pseudomonas congelans	TRUE	8.5	7.1	15.6	TRUE	TRUE	FALSE	FALSE	FALSE	FALSE	FALSE
T2_B2	C65_M3_B2	ASV 3140	Pseudomonas congelans	TRUE	5	3	8	FALSE	TRUE	FALSE	FALSE	FALSE	FALSE	FALSE
T2_B3	C65_M3_B2	ASV 3140	Pseudomonas congelans	TRUE	3.6	3.8	7.4	TRUE	TRUE	TRUE	FALSE	FALSE	FALSE	TRUE
T2_B4	C65_M3_B2	ASV 3140	Pseudomonas congelans	TRUE	3	2.5	5.5	TRUE	TRUE	FALSE	FALSE	FALSE	FALSE	TRUE
T2_B5	C65_M3_B2	ASV 3140	Pseudomonas congelans	TRUE	2	3.5	5.5	TRUE	TRUE	FALSE	FALSE	FALSE	FALSE	FALSE
T2_B6	C65_M3_B2	ASV 3140	Pseudomonas congelans	TRUE	2.2	3.5	5.7	FALSE	FALSE	FALSE	TRUE	FALSE	FALSE	TRUE
T2_B7	C65_M3_B2	ASV 3140	Pseudomonas congelans	TRUE	3.5	4	7.5	TRUE	TRUE	TRUE	FALSE	FALSE	FALSE	TRUE
T2_B8	C65_M3_B2	ASV 3140	Pseudomonas congelans	TRUE	5	4	9	TRUE	TRUE	FALSE	FALSE	FALSE	FALSE	TRUE
T2_B9	C65_M3_B2	ASV 3140	Pseudomonas congelans	TRUE	0.7	3	3.7	FALSE	FALSE	FALSE	FALSE	FALSE	FALSE	TRUE
T2_B10	C65_M3_B2	ASV 3140	Pseudomonas congelans	FALSE										
T2_C1	C65_M3_B2	ASV 3140	Pseudomonas congelans	TRUE	7.5	6.5	14	FALSE	TRUE	FALSE	FALSE	FALSE	FALSE	FALSE
T2_C2	C65_M3_B2	ASV 3140	Pseudomonas congelans	TRUE	8	6.2	14.2	FALSE	TRUE	FALSE	FALSE	FALSE	FALSE	FALSE
T2_C3	C65_M3_B2	ASV 3140	Pseudomonas congelans	TRUE	6	4	10	TRUE	TRUE	FALSE	FALSE	FALSE	FALSE	TRUE
T2_C4	C65_M3_B2	ASV 3140	Pseudomonas congelans	TRUE	4.6	2.5	7.1	FALSE	FALSE	FALSE	FALSE	FALSE	FALSE	TRUE
T2_C5	C65_M3_B2	ASV 3140	Pseudomonas congelans	TRUE	10.2	4.5	14.7	TRUE	TRUE	FALSE	FALSE	FALSE	FALSE	FALSE
T2_C6	C65_M3_B2	ASV 3140	Pseudomonas congelans	TRUE	10.5	4	14.5	TRUE	TRUE	FALSE	FALSE	FALSE	FALSE	FALSE
T2_C7	C65_M3_B2	ASV 3140	Pseudomonas congelans	TRUE	7	2.7	9.7	TRUE	TRUE	FALSE	FALSE	FALSE	FALSE	FALSE
T2_C8	C65_M3_B2	ASV 3140	Pseudomonas congelans	TRUE	7.5	5	12.5	TRUE	TRUE	TRUE	TRUE	FALSE	FALSE	TRUE
T2_C9	C65_M3_B2	ASV 3140	Pseudomonas congelans	TRUE	9	7.5	16.5	FALSE	TRUE	FALSE	FALSE	FALSE	TRUE	FALSE
T2_C10	C65_M3_B2	ASV 3140	Pseudomonas congelans	FALSE										
T2_D1	C65_M3_B2	ASV 3140	Pseudomonas congelans	TRUE	3.5	4.3	7.8	TRUE	TRUE	FALSE	FALSE	FALSE	FALSE	FALSE
T2_D2	C65_M3_B2	ASV 3140	Pseudomonas congelans	TRUE	8	2.5	10.5	TRUE	TRUE	FALSE	FALSE	FALSE	FALSE	FALSE
T2_D3	C65_M3_B2	ASV 3140	Pseudomonas congelans	TRUE	6.3	4	10.3	TRUE	TRUE	FALSE	FALSE	FALSE	FALSE	FALSE
T2_D4	C65_M3_B2	ASV 3140	Pseudomonas congelans	TRUE	5.5	4.5	10	TRUE	TRUE	FALSE	FALSE	FALSE	FALSE	FALSE
T2_D5	C65_M3_B2	ASV 3140	Pseudomonas congelans	TRUE	2.9	1.5	4.4	FALSE	FALSE	FALSE	TRUE	TRUE	FALSE	FALSE
T2_D6	C65_M3_B2	ASV 3140	Pseudomonas congelans	TRUE	4.3	2.2	6.5	FALSE	FALSE	FALSE	FALSE	TRUE	FALSE	FALSE
T2_D7	C65_M3_B2	ASV 3140	Pseudomonas congelans	FALSE										
T2_D8	C65_M3_B2	ASV 3140	Pseudomonas congelans	FALSE										
T2_D9	C65_M3_B2	ASV 3140	Pseudomonas congelans	FALSE										
T2_D10	C65_M3_B2	ASV 3140	Pseudomonas congelans	FALSE										
T2_E1	C65_M3_B2	ASV 3140	Pseudomonas congelans	TRUE	7.1	6.5	13.6	TRUE	FALSE	FALSE	TRUE	FALSE	TRUE	FALSE
T2_E2	C65_M3_B2	ASV 3140	Pseudomonas congelans	TRUE	7.7	6.5	14.2	FALSE	TRUE	TRUE	FALSE	FALSE	TRUE	TRUE
T2_E3	C65_M3_B2	ASV 3140	Pseudomonas congelans	TRUE	9.4	3.8	13.2	TRUE	TRUE	FALSE	FALSE	FALSE	FALSE	FALSE
T2_E4	C65_M3_B2	ASV 3140	Pseudomonas congelans	TRUE	0.9	4	4.9	TRUE	FALSE	FALSE	FALSE	FALSE	FALSE	FALSE
T2_E5	C65_M3_B2	ASV 3140	Pseudomonas congelans	TRUE	5.8	5.2	11	TRUE	TRUE	FALSE	FALSE	FALSE	FALSE	FALSE
T2_E6	C65_M3_B2	ASV 3140	Pseudomonas congelans	TRUE	5.4	6.5	11.9	FALSE	TRUE	TRUE	FALSE	FALSE	FALSE	FALSE
T2_E7	C65_M3_B2	ASV 3140	Pseudomonas congelans	TRUE	3.3	4	7.3	FALSE	FALSE	FALSE	FALSE	FALSE	FALSE	TRUE
T2_E8	C65_M3_B2	ASV 3140	Pseudomonas congelans	TRUE	3.5	5	8.5	FALSE	TRUE	TRUE	FALSE	FALSE	FALSE	TRUE
T2_E9	C65_M3_B2	ASV 3140	Pseudomonas congelans	TRUE	2.8	3	5.8	FALSE	FALSE	FALSE	TRUE	TRUE	TRUE	TRUE
T2_E10	C65_M3_B2	ASV 3140	Pseudomonas congelans	FALSE										
T2_F1	C65_M3_B2	ASV 3140	Pseudomonas congelans	TRUE	1.7	3.1	4.8	TRUE	FALSE	FALSE	FALSE	TRUE	FALSE	FALSE
T2_F2	C65_M3_B2	ASV 3140	Pseudomonas congelans	TRUE	1.7	3.1	4.8	FALSE	FALSE	FALSE	FALSE	FALSE	FALSE	TRUE
T2_F3	C65_M3_B2	ASV 3140	Pseudomonas congelans	TRUE	5.7	3.2	8.9	FALSE	FALSE	FALSE	FALSE	FALSE	FALSE	FALSE
T2_F4	C65_M3_B2	ASV 3140	Pseudomonas congelans	TRUE	0.6	0.6	1.2	FALSE	FALSE	FALSE	FALSE	FALSE	FALSE	FALSE
T2_F5	C65_M3_B2	ASV 3140	Pseudomonas congelans	TRUE	7	6.8	13.8	TRUE	TRUE	FALSE	FALSE	FALSE	FALSE	FALSE
T2_F6	C65_M3_B2	ASV 3140	Pseudomonas congelans	TRUE	2	2.1	4.1	FALSE	FALSE	FALSE	FALSE	FALSE	FALSE	TRUE
T2_F7	C65_M3_B2	ASV 3140	Pseudomonas congelans	FALSE										
T2_F8	C65_M3_B2	ASV 3140	Pseudomonas congelans	FALSE										
T2_F9	C65_M3_B2	ASV 3140	Pseudomonas congelans	FALSE										
T2_F10	C65_M3_B2	ASV 3140	Pseudomonas congelans	FALSE										
T2_G1	C65_M3_B2	ASV 3140	Pseudomonas congelans	TRUE	10	6.2	16.2	TRUE	TRUE	TRUE	TRUE	FALSE	FALSE	FALSE
T2_G2	C65_M3_B2	ASV 3140	Pseudomonas congelans	TRUE	7.5	4.5	12	TRUE	TRUE	FALSE	FALSE	FALSE	FALSE	FALSE
T2_G3	C65_M3_B2	ASV 3140	Pseudomonas congelans	TRUE	6	5	11	FALSE	TRUE	FALSE	FALSE	FALSE	TRUE	TRUE
T2_G4	C65_M3_B2	ASV 3140	Pseudomonas congelans	TRUE	9.7	3	12.7	FALSE	FALSE	FALSE	FALSE	FALSE	FALSE	FALSE
T2_G5	C65_M3_B2	ASV 3140	Pseudomonas congelans	TRUE	3.5	4.1	7.6	FALSE	FALSE	FALSE	FALSE	TRUE	TRUE	FALSE
T2_G6	C65_M3_B2	ASV 3140	Pseudomonas congelans	TRUE	7.7	5.5	13.2	FALSE	TRUE	TRUE	TRUE	FALSE	FALSE	FALSE
T2_G7	C65_M3_B2	ASV 3140	Pseudomonas congelans	TRUE	8.6	6.2	14.8	TRUE	TRUE	FALSE	FALSE	FALSE	TRUE	FALSE
T2_G8	C65_M3_B2	ASV 3140	Pseudomonas congelans	TRUE	4.4	3.1	7.5	TRUE	TRUE	TRUE	FALSE	FALSE	FALSE	FALSE
T2_G9	C65_M3_B2	ASV 3140	Pseudomonas congelans	TRUE	2.4	5	7.4	FALSE	TRUE	FALSE	TRUE	FALSE	FALSE	TRUE
T2_G10	C65_M3_B2	ASV 3140	Pseudomonas congelans	FALSE										
T2_H1	C65_M3_B2	ASV 3140	Pseudomonas congelans	TRUE	9.5	4.5	14	TRUE	TRUE	FALSE	FALSE	FALSE	FALSE	FALSE
T2_H2	C65_M3_B2	ASV 3140	Pseudomonas congelans	TRUE	6.4	4.5	10.9	TRUE	TRUE	FALSE	FALSE	FALSE	FALSE	TRUE
T2_H3	C65_M3_B2	ASV 3140	Pseudomonas congelans	TRUE	9.4	5.5	14.9	TRUE	TRUE	FALSE	FALSE	FALSE	FALSE	FALSE
T2_H4	C65_M3_B2	ASV 3140	Pseudomonas congelans	TRUE	7.5	4	11.5	TRUE	TRUE	FALSE	FALSE	FALSE	FALSE	TRUE
T2_H5	C65_M3_B2	ASV 3140	Pseudomonas congelans	TRUE	7.5	6.3	13.8	TRUE	FALSE	FALSE	TRUE	FALSE	FALSE	FALSE
T2_H6	C65_M3_B2	ASV 3140	Pseudomonas congelans	TRUE	0.4	3.5	3.9	TRUE	TRUE	FALSE	TRUE	FALSE	FALSE	FALSE
T2_H7	C65_M3_B2	ASV 3140	Pseudomonas congelans	TRUE	8	6	14	TRUE	FALSE	TRUE	FALSE	FALSE	FALSE	TRUE
T2_H8	C65_M3_B2	ASV 3140	Pseudomonas congelans	FALSE										
T2_H9	C65_M3_B2	ASV 3140	Pseudomonas congelans	FALSE										
T2_H10	C65_M3_B2	ASV 3140	Pseudomonas congelans	FALSE										
T2_I1	C65_M3_B2	ASV 3140	Pseudomonas congelans	TRUE	3.9	4.7	8.6	TRUE	TRUE	FALSE	TRUE	FALSE	FALSE	FALSE
T2_I2	C65_M3_B2	ASV 3140	Pseudomonas congelans	TRUE	4	4.2	8.2	FALSE	TRUE	FALSE	FALSE	FALSE	FALSE	TRUE
T2_I3	C65_M3_B2	ASV 3140	Pseudomonas congelans	TRUE	5.4	8	13.4	FALSE	TRUE	FALSE	TRUE	FALSE	FALSE	FALSE
T2_I4	C65_M3_B2	ASV 3140	Pseudomonas congelans	TRUE	10	5	15	TRUE	TRUE	FALSE	FALSE	FALSE	FALSE	FALSE
T2_I5	C65_M3_B2	ASV 3140	Pseudomonas congelans	TRUE	13.8	3	16.8	TRUE	TRUE	FALSE	FALSE	FALSE	FALSE	FALSE
T2_I6	C65_M3_B2	ASV 3140	Pseudomonas congelans	TRUE	8.4	5.4	13.8	TRUE	TRUE	FALSE	FALSE	FALSE	FALSE	FALSE
T2_I7	C65_M3_B2	ASV 3140	Pseudomonas congelans	TRUE	2	5.3	7.3	TRUE	TRUE	FALSE	TRUE	FALSE	FALSE	FALSE
T2_I8	C65_M3_B2	ASV 3140	Pseudomonas congelans	TRUE	8	6.5	14.5	TRUE	TRUE	FALSE	FALSE	FALSE	FALSE	TRUE
T2_I9	C65_M3_B2	ASV 3140	Pseudomonas congelans	FALSE										
T2_I10	C65_M3_B2	ASV 3140	Pseudomonas congelans	FALSE										
T2_J1	C65_M3_B2	ASV 3140	Pseudomonas congelans	TRUE	7.5	5	12.5	TRUE	TRUE	FALSE	FALSE	FALSE	FALSE	TRUE
T2_J2	C65_M3_B2	ASV 3140	Pseudomonas congelans	TRUE	1.7	0.7	2.4	FALSE	FALSE	FALSE	FALSE	FALSE	FALSE	FALSE
T2_J3	C65_M3_B2	ASV 3140	Pseudomonas congelans	TRUE	1.2	3	4.2	TRUE	TRUE	FALSE	FALSE	FALSE	FALSE	FALSE
T2_J4	C65_M3_B2	ASV 3140	Pseudomonas congelans	TRUE	3	3	6	FALSE	TRUE	FALSE	FALSE	FALSE	FALSE	FALSE
T2_J5	C65_M3_B2	ASV 3140	Pseudomonas congelans	TRUE	9	6	15	TRUE	TRUE	FALSE	FALSE	FALSE	FALSE	TRUE
T2_J6	C65_M3_B2	ASV 3140	Pseudomonas congelans	FALSE										
T2_J7	C65_M3_B2	ASV 3140	Pseudomonas congelans	FALSE										
T2_J8	C65_M3_B2	ASV 3140	Pseudomonas congelans	FALSE										
T2_J9	C65_M3_B2	ASV 3140	Pseudomonas congelans	FALSE										
T2_J10	C65_M3_B2	ASV 3140	Pseudomonas congelans	FALSE										
T2_K1	C65_M3_B2	ASV 3140	Pseudomonas congelans	TRUE	5.5	3.6	9.1	FALSE	FALSE	FALSE	FALSE	FALSE	FALSE	TRUE
T2_K2	C65_M3_B2	ASV 3140	Pseudomonas congelans	TRUE	7.5	6.3	13.8	TRUE	TRUE	FALSE	TRUE	FALSE	FALSE	FALSE
T2_K3	C65_M3_B2	ASV 3140	Pseudomonas congelans	TRUE	3	5.5	8.5	FALSE	FALSE	TRUE	FALSE	TRUE	FALSE	FALSE
T2_K4	C65_M3_B2	ASV 3140	Pseudomonas congelans	TRUE	4	3.3	7.3	FALSE	FALSE	FALSE	FALSE	FALSE	FALSE	TRUE
T2_K5	C65_M3_B2	ASV 3140	Pseudomonas congelans	TRUE	14.9	5.5	20.4	TRUE	TRUE	FALSE	FALSE	FALSE	FALSE	FALSE
T2_K6	C65_M3_B2	ASV 3140	Pseudomonas congelans	TRUE	7.1	6.4	13.5	FALSE	TRUE	FALSE	TRUE	FALSE	FALSE	TRUE
T2_K7	C65_M3_B2	ASV 3140	Pseudomonas congelans	FALSE										
T2_K8	C65_M3_B2	ASV 3140	Pseudomonas congelans	FALSE										
T2_K9	C65_M3_B2	ASV 3140	Pseudomonas congelans	FALSE										
T2_K10	C65_M3_B2	ASV 3140	Pseudomonas congelans	FALSE										
T2_L1	C65_M3_B2	ASV 3140	Pseudomonas congelans	TRUE	13.6	4.5	18.1	TRUE	TRUE	FALSE	FALSE	FALSE	FALSE	FALSE
T2_L2	C65_M3_B2	ASV 3140	Pseudomonas congelans	TRUE	4.5	3.5	8	FALSE	FALSE	FALSE	FALSE	FALSE	FALSE	FALSE
T2_L3	C65_M3_B2	ASV 3140	Pseudomonas congelans	TRUE	4.4	3.3	7.7	FALSE	FALSE	FALSE	FALSE	FALSE	TRUE	FALSE
T2_L4	C65_M3_B2	ASV 3140	Pseudomonas congelans	TRUE	4.2	3.4	7.6	TRUE	FALSE	FALSE	FALSE	FALSE	FALSE	TRUE
T2_L5	C65_M3_B2	ASV 3140	Pseudomonas congelans	TRUE	9.5	8	17.5	TRUE	TRUE	FALSE	FALSE	FALSE	FALSE	FALSE
T2_L6	C65_M3_B2	ASV 3140	Pseudomonas congelans	TRUE	5.7	4	9.7	TRUE	TRUE	FALSE	FALSE	FALSE	FALSE	FALSE
T2_L7	C65_M3_B2	ASV 3140	Pseudomonas congelans	TRUE	8.6	4	12.6	TRUE	TRUE	TRUE	TRUE	FALSE	FALSE	FALSE
T2_L8	C65_M3_B2	ASV 3140	Pseudomonas congelans	FALSE										
T2_L9	C65_M3_B2	ASV 3140	Pseudomonas congelans	FALSE										
T2_L10	C65_M3_B2	ASV 3140	Pseudomonas congelans	FALSE										
T3_A1	C17A_M7_B1	ASV 3007	Niallia circulans	TRUE	9.6	6.5	16.1	TRUE	TRUE	FALSE	FALSE	FALSE	FALSE	FALSE
T3_A2	C17A_M7_B1	ASV 3007	Niallia circulans	TRUE	9.3	4.8	14.1	TRUE	TRUE	FALSE	FALSE	FALSE	FALSE	FALSE
T3_A3	C17A_M7_B1	ASV 3007	Niallia circulans	TRUE	11.9	5.8	17.7	TRUE	TRUE	FALSE	FALSE	FALSE	FALSE	FALSE
T3_A4	C17A_M7_B1	ASV 3007	Niallia circulans	TRUE	8.6	6.5	15.1	FALSE	TRUE	FALSE	FALSE	FALSE	FALSE	FALSE
T3_A5	C17A_M7_B1	ASV 3007	Niallia circulans	TRUE	8	4.7	12.7	FALSE	TRUE	FALSE	FALSE	FALSE	FALSE	FALSE
T3_A6	C17A_M7_B1	ASV 3007	Niallia circulans	TRUE	11.6	7.4	19	TRUE	TRUE	TRUE	FALSE	FALSE	FALSE	FALSE
T3_A7	C17A_M7_B1	ASV 3007	Niallia circulans	TRUE	8.7	8	16.7	FALSE	TRUE	FALSE	TRUE	FALSE	FALSE	FALSE
T3_A8	C17A_M7_B1	ASV 3007	Niallia circulans	TRUE	11.8	6.3	18.1	TRUE	TRUE	TRUE	FALSE	FALSE	FALSE	FALSE
T3_A9	C17A_M7_B1	ASV 3007	Niallia circulans	FALSE										
T3_A10	C17A_M7_B1	ASV 3007	Niallia circulans	FALSE										
T3_B1	C17A_M7_B1	ASV 3007	Niallia circulans	TRUE	9	7.5	16.5	FALSE	TRUE	FALSE	FALSE	FALSE	FALSE	FALSE
T3_B2	C17A_M7_B1	ASV 3007	Niallia circulans	TRUE	10.2	5.9	16.1	TRUE	TRUE	FALSE	FALSE	FALSE	FALSE	FALSE
T3_B3	C17A_M7_B1	ASV 3007	Niallia circulans	TRUE	6.5	4.5	11	TRUE	TRUE	FALSE	FALSE	FALSE	FALSE	TRUE
T3_B4	C17A_M7_B1	ASV 3007	Niallia circulans	TRUE	8.8	4	12.8	TRUE	TRUE	FALSE	FALSE	FALSE	FALSE	FALSE
T3_B5	C17A_M7_B1	ASV 3007	Niallia circulans	TRUE	8.1	4.6	12.7	FALSE	TRUE	FALSE	FALSE	FALSE	FALSE	TRUE
T3_B6	C17A_M7_B1	ASV 3007	Niallia circulans	TRUE	10.5	5	15.5	FALSE	TRUE	FALSE	FALSE	FALSE	FALSE	TRUE
T3_B7	C17A_M7_B1	ASV 3007	Niallia circulans	FALSE										
T3_B8	C17A_M7_B1	ASV 3007	Niallia circulans	FALSE										
T3_B9	C17A_M7_B1	ASV 3007	Niallia circulans	FALSE										
T3_B10	C17A_M7_B1	ASV 3007	Niallia circulans	FALSE										
T3_C1	C17A_M7_B1	ASV 3007	Niallia circulans	TRUE	8.4	5.4	13.8	TRUE	TRUE	FALSE	FALSE	FALSE	FALSE	FALSE
T3_C2	C17A_M7_B1	ASV 3007	Niallia circulans	TRUE	0.2	2.6	2.8	FALSE	TRUE	FALSE	FALSE	FALSE	FALSE	FALSE
T3_C3	C17A_M7_B1	ASV 3007	Niallia circulans	TRUE	3.3	2.1	5.4	FALSE	FALSE	FALSE	FALSE	TRUE	FALSE	FALSE
T3_C4	C17A_M7_B1	ASV 3007	Niallia circulans	TRUE	7.2	6	13.2	FALSE	FALSE	FALSE	TRUE	FALSE	FALSE	FALSE
T3_C5	C17A_M7_B1	ASV 3007	Niallia circulans	TRUE	6.4	5.5	11.9	TRUE	TRUE	FALSE	FALSE	FALSE	TRUE	TRUE
T3_C6	C17A_M7_B1	ASV 3007	Niallia circulans	TRUE	12	7	19	TRUE	TRUE	FALSE	FALSE	FALSE	FALSE	FALSE
T3_C7	C17A_M7_B1	ASV 3007	Niallia circulans	TRUE	9.7	5.8	15.5	TRUE	TRUE	TRUE	TRUE	FALSE	FALSE	FALSE
T3_C8	C17A_M7_B1	ASV 3007	Niallia circulans	TRUE	10	10	20	FALSE	TRUE	FALSE	TRUE	FALSE	FALSE	FALSE
T3_C9	C17A_M7_B1	ASV 3007	Niallia circulans	TRUE	10.5	8.2	18.7	TRUE	TRUE	FALSE	FALSE	FALSE	FALSE	FALSE
T3_C10	C17A_M7_B1	ASV 3007	Niallia circulans	TRUE	7	9.1	16.1	TRUE	TRUE	TRUE	FALSE	FALSE	FALSE	TRUE
T3_D1	C17A_M7_B1	ASV 3007	Niallia circulans	TRUE	8	9	17	FALSE	TRUE	FALSE	FALSE	FALSE	FALSE	FALSE
T3_D2	C17A_M7_B1	ASV 3007	Niallia circulans	TRUE	8.4	4.4	12.8	TRUE	TRUE	FALSE	FALSE	FALSE	FALSE	TRUE
T3_D3	C17A_M7_B1	ASV 3007	Niallia circulans	TRUE	9.6	6	15.6	TRUE	TRUE	FALSE	FALSE	FALSE	FALSE	FALSE
T3_D4	C17A_M7_B1	ASV 3007	Niallia circulans	TRUE	10.3	7	17.3	TRUE	TRUE	FALSE	FALSE	FALSE	FALSE	FALSE
T3_D5	C17A_M7_B1	ASV 3007	Niallia circulans	TRUE	11.5	5.5	17	TRUE	TRUE	TRUE	FALSE	FALSE	FALSE	FALSE
T3_D6	C17A_M7_B1	ASV 3007	Niallia circulans	TRUE	3.3	6.5	9.8	TRUE	FALSE	FALSE	TRUE	FALSE	FALSE	TRUE
T3_D7	C17A_M7_B1	ASV 3007	Niallia circulans	TRUE	9.4	6.9	16.3	TRUE	TRUE	FALSE	FALSE	FALSE	FALSE	FALSE
T3_D8	C17A_M7_B1	ASV 3007	Niallia circulans	TRUE	5	2.5	7.5	FALSE	TRUE	TRUE	FALSE	FALSE	FALSE	TRUE
T3_D9	C17A_M7_B1	ASV 3007	Niallia circulans	TRUE	8.7	3.5	12.2	TRUE	TRUE	FALSE	FALSE	FALSE	FALSE	TRUE
T3_D10	C17A_M7_B1	ASV 3007	Niallia circulans	FALSE										
T3_E1	C17A_M7_B1	ASV 3007	Niallia circulans	TRUE	8.5	2.5	11	FALSE	FALSE	TRUE	FALSE	FALSE	FALSE	TRUE
T3_E2	C17A_M7_B1	ASV 3007	Niallia circulans	TRUE	1.5	0.8	2.3	FALSE	FALSE	FALSE	FALSE	FALSE	FALSE	FALSE
T3_E3	C17A_M7_B1	ASV 3007	Niallia circulans	TRUE	6	5.5	11.5	TRUE	TRUE	FALSE	FALSE	FALSE	FALSE	FALSE
T3_E4	C17A_M7_B1	ASV 3007	Niallia circulans	TRUE	7	6.5	13.5	FALSE	TRUE	FALSE	TRUE	FALSE	FALSE	FALSE
T3_E5	C17A_M7_B1	ASV 3007	Niallia circulans	TRUE	12.5	3.6	16.1	FALSE	TRUE	FALSE	FALSE	FALSE	FALSE	FALSE
T3_E6	C17A_M7_B1	ASV 3007	Niallia circulans	TRUE	2.7	1.9	4.6	TRUE	FALSE	FALSE	FALSE	FALSE	FALSE	FALSE
T3_E7	C17A_M7_B1	ASV 3007	Niallia circulans	TRUE	2.3	3	5.3	FALSE	FALSE	FALSE	FALSE	FALSE	FALSE	TRUE
T3_E8	C17A_M7_B1	ASV 3007	Niallia circulans	TRUE	2.5	1	3.5	FALSE	FALSE	FALSE	FALSE	TRUE	FALSE	FALSE
T3_E9	C17A_M7_B1	ASV 3007	Niallia circulans	FALSE										
T3_E10	C17A_M7_B1	ASV 3007	Niallia circulans	FALSE										
T3_F1	C17A_M7_B1	ASV 3007	Niallia circulans	TRUE	4.6	4.4	9	TRUE	TRUE	TRUE	FALSE	FALSE	FALSE	TRUE
T3_F2	C17A_M7_B1	ASV 3007	Niallia circulans	TRUE	10.6	5	15.6	FALSE	FALSE	FALSE	TRUE	FALSE	FALSE	FALSE
T3_F3	C17A_M7_B1	ASV 3007	Niallia circulans	TRUE	4.3	3.5	7.8	TRUE	TRUE	FALSE	FALSE	FALSE	FALSE	FALSE
T3_F4	C17A_M7_B1	ASV 3007	Niallia circulans	TRUE	8.2	4.3	12.5	FALSE	TRUE	FALSE	TRUE	FALSE	FALSE	FALSE
T3_F5	C17A_M7_B1	ASV 3007	Niallia circulans	TRUE	2.4	3.7	6.1	TRUE	TRUE	FALSE	TRUE	FALSE	FALSE	TRUE
T3_F6	C17A_M7_B1	ASV 3007	Niallia circulans	TRUE	4	1.9	5.9	FALSE	FALSE	FALSE	FALSE	FALSE	FALSE	FALSE
T3_F7	C17A_M7_B1	ASV 3007	Niallia circulans	TRUE	9.7	6.5	16.2	TRUE	TRUE	FALSE	FALSE	FALSE	FALSE	TRUE
T3_F8	C17A_M7_B1	ASV 3007	Niallia circulans	FALSE										
T3_F9	C17A_M7_B1	ASV 3007	Niallia circulans	FALSE										
T3_F10	C17A_M7_B1	ASV 3007	Niallia circulans	FALSE										
T3_G1	C17A_M7_B1	ASV 3007	Niallia circulans	TRUE	10.6	8	18.6	TRUE	TRUE	TRUE	FALSE	FALSE	FALSE	FALSE
T3_G2	C17A_M7_B1	ASV 3007	Niallia circulans	TRUE	2	3.4	5.4	TRUE	FALSE	FALSE	FALSE	FALSE	FALSE	TRUE
T3_G3	C17A_M7_B1	ASV 3007	Niallia circulans	TRUE	3.3	4	7.3	FALSE	TRUE	FALSE	FALSE	FALSE	FALSE	TRUE
T3_G4	C17A_M7_B1	ASV 3007	Niallia circulans	TRUE	9	5.5	14.5	FALSE	TRUE	TRUE	TRUE	FALSE	FALSE	FALSE
T3_G5	C17A_M7_B1	ASV 3007	Niallia circulans	TRUE	11.2	3.5	14.7	TRUE	TRUE	FALSE	FALSE	FALSE	FALSE	FALSE
T3_G6	C17A_M7_B1	ASV 3007	Niallia circulans	TRUE	7.5	3.2	10.7	TRUE	FALSE	FALSE	FALSE	FALSE	FALSE	FALSE
T3_G7	C17A_M7_B1	ASV 3007	Niallia circulans	FALSE										
T3_G8	C17A_M7_B1	ASV 3007	Niallia circulans	FALSE										
T3_G9	C17A_M7_B1	ASV 3007	Niallia circulans	FALSE										
T3_G10	C17A_M7_B1	ASV 3007	Niallia circulans	FALSE										
T3_H1	C17A_M7_B1	ASV 3007	Niallia circulans	TRUE	8.2	2.6	10.8	FALSE	TRUE	FALSE	FALSE	FALSE	FALSE	TRUE
T3_H2	C17A_M7_B1	ASV 3007	Niallia circulans	TRUE	9.5	3.2	12.7	TRUE	FALSE	FALSE	FALSE	FALSE	FALSE	FALSE
T3_H3	C17A_M7_B1	ASV 3007	Niallia circulans	TRUE	10.6	4.5	15.1	TRUE	TRUE	FALSE	FALSE	FALSE	FALSE	FALSE
T3_H4	C17A_M7_B1	ASV 3007	Niallia circulans	TRUE	9.4	4.4	13.8	TRUE	TRUE	FALSE	FALSE	FALSE	FALSE	FALSE
T3_H5	C17A_M7_B1	ASV 3007	Niallia circulans	TRUE	7	4.5	11.5	FALSE	FALSE	FALSE	TRUE	FALSE	FALSE	TRUE
T3_H6	C17A_M7_B1	ASV 3007	Niallia circulans	TRUE	4.2	4.2	8.4	TRUE	TRUE	FALSE	FALSE	FALSE	FALSE	TRUE
T3_H7	C17A_M7_B1	ASV 3007	Niallia circulans	FALSE										
T3_H8	C17A_M7_B1	ASV 3007	Niallia circulans	FALSE										
T3_H9	C17A_M7_B1	ASV 3007	Niallia circulans	FALSE										
T3_H10	C17A_M7_B1	ASV 3007	Niallia circulans	FALSE										
T3_I1	C17A_M7_B1	ASV 3007	Niallia circulans	TRUE	7.3	7.1	14.4	FALSE	TRUE	FALSE	FALSE	FALSE	FALSE	FALSE
T3_I2	C17A_M7_B1	ASV 3007	Niallia circulans	TRUE	4	3.8	7.8	TRUE	TRUE	FALSE	TRUE	FALSE	FALSE	TRUE
T3_I3	C17A_M7_B1	ASV 3007	Niallia circulans	TRUE	1.4	3.5	4.9	TRUE	FALSE	FALSE	FALSE	FALSE	FALSE	TRUE
T3_I4	C17A_M7_B1	ASV 3007	Niallia circulans	TRUE	8.2	7.2	15.4	FALSE	TRUE	FALSE	FALSE	FALSE	FALSE	FALSE
T3_I5	C17A_M7_B1	ASV 3007	Niallia circulans	TRUE	1.8	3.5	5.3	TRUE	TRUE	FALSE	FALSE	FALSE	FALSE	FALSE
T3_I6	C17A_M7_B1	ASV 3007	Niallia circulans	TRUE	10.1	7	17.1	FALSE	TRUE	FALSE	TRUE	FALSE	FALSE	FALSE
T3_I7	C17A_M7_B1	ASV 3007	Niallia circulans	TRUE	7.7	6.2	13.9	TRUE	TRUE	FALSE	TRUE	FALSE	FALSE	FALSE
T3_I8	C17A_M7_B1	ASV 3007	Niallia circulans	TRUE	7.9	4.5	12.4	TRUE	TRUE	FALSE	FALSE	FALSE	FALSE	TRUE
T3_I9	C17A_M7_B1	ASV 3007	Niallia circulans	FALSE										
T3_I10	C17A_M7_B1	ASV 3007	Niallia circulans	FALSE										
T3_J1	C17A_M7_B1	ASV 3007	Niallia circulans	TRUE	4.5	4.1	8.6	FALSE	TRUE	FALSE	TRUE	FALSE	FALSE	TRUE
T3_J2	C17A_M7_B1	ASV 3007	Niallia circulans	TRUE	9	6.1	15.1	TRUE	TRUE	FALSE	FALSE	FALSE	TRUE	FALSE
T3_J3	C17A_M7_B1	ASV 3007	Niallia circulans	TRUE	9.5	4.3	13.8	FALSE	TRUE	FALSE	TRUE	FALSE	FALSE	TRUE
T3_J4	C17A_M7_B1	ASV 3007	Niallia circulans	TRUE	11.5	5.5	17	TRUE	TRUE	FALSE	FALSE	FALSE	FALSE	FALSE
T3_J5	C17A_M7_B1	ASV 3007	Niallia circulans	TRUE	6	3.7	9.7	FALSE	TRUE	FALSE	FALSE	FALSE	FALSE	TRUE
T3_J6	C17A_M7_B1	ASV 3007	Niallia circulans	TRUE	7.5	4	11.5	FALSE	TRUE	FALSE	FALSE	FALSE	FALSE	TRUE
T3_J7	C17A_M7_B1	ASV 3007	Niallia circulans	TRUE	0.4	3	3.4	FALSE	FALSE	FALSE	FALSE	FALSE	FALSE	TRUE
T3_J8	C17A_M7_B1	ASV 3007	Niallia circulans	TRUE	4.8	3.9	8.7	TRUE	TRUE	FALSE	FALSE	FALSE	FALSE	FALSE
T3_J9	C17A_M7_B1	ASV 3007	Niallia circulans	TRUE	4	5.1	9.1	FALSE	TRUE	FALSE	FALSE	FALSE	FALSE	TRUE
T3_J10	C17A_M7_B1	ASV 3007	Niallia circulans	FALSE										
T3_K1	C17A_M7_B1	ASV 3007	Niallia circulans	TRUE	1.9	1.1	3	FALSE	FALSE	FALSE	FALSE	FALSE	FALSE	TRUE
T3_K2	C17A_M7_B1	ASV 3007	Niallia circulans	TRUE	4.1	4.1	8.2	TRUE	TRUE	FALSE	FALSE	FALSE	FALSE	TRUE
T3_K3	C17A_M7_B1	ASV 3007	Niallia circulans	TRUE	3.3	2.8	6.1	FALSE	FALSE	TRUE	FALSE	FALSE	FALSE	TRUE
T3_K4	C17A_M7_B1	ASV 3007	Niallia circulans	TRUE	2.1	4.1	6.2	FALSE	FALSE	FALSE	TRUE	FALSE	FALSE	TRUE
T3_K5	C17A_M7_B1	ASV 3007	Niallia circulans	TRUE	2.8	2.1	4.9	FALSE	FALSE	TRUE	FALSE	FALSE	TRUE	TRUE
T3_K6	C17A_M7_B1	ASV 3007	Niallia circulans	FALSE										
T3_K7	C17A_M7_B1	ASV 3007	Niallia circulans	FALSE										
T3_K8	C17A_M7_B1	ASV 3007	Niallia circulans	FALSE										
T3_K9	C17A_M7_B1	ASV 3007	Niallia circulans	FALSE										
T3_K10	C17A_M7_B1	ASV 3007	Niallia circulans	FALSE										
T3_L1	C17A_M7_B1	ASV 3007	Niallia circulans	TRUE	0.5	1.1	1.6	FALSE	TRUE	FALSE	FALSE	FALSE	FALSE	TRUE
T3_L2	C17A_M7_B1	ASV 3007	Niallia circulans	TRUE	3.6	3.6	7.2	FALSE	FALSE	FALSE	FALSE	FALSE	TRUE	TRUE
T3_L3	C17A_M7_B1	ASV 3007	Niallia circulans	TRUE	6	4.8	10.8	TRUE	TRUE	FALSE	TRUE	FALSE	FALSE	TRUE
T3_L4	C17A_M7_B1	ASV 3007	Niallia circulans	TRUE	2.5	2.8	5.3	FALSE	TRUE	TRUE	FALSE	FALSE	FALSE	TRUE
T3_L5	C17A_M7_B1	ASV 3007	Niallia circulans	TRUE	4.5	4.5	9	FALSE	TRUE	FALSE	FALSE	FALSE	FALSE	TRUE
T3_L6	C17A_M7_B1	ASV 3007	Niallia circulans	TRUE	8.6	7.6	16.2	FALSE	TRUE	FALSE	TRUE	FALSE	FALSE	TRUE
T3_L7	C17A_M7_B1	ASV 3007	Niallia circulans	TRUE	2.7	3.3	6	TRUE	TRUE	FALSE	FALSE	FALSE	FALSE	TRUE
T3_L8	C17A_M7_B1	ASV 3007	Niallia circulans	FALSE										
T3_L9	C17A_M7_B1	ASV 3007	Niallia circulans	FALSE										
T3_L10	C17A_M7_B1	ASV 3007	Niallia circulans	FALSE										
T4_A1	C37B_M1_R1	ASV 4090	Rathayibacter festucae	TRUE	7.5	6	13.5	FALSE	TRUE	FALSE	TRUE	FALSE	FALSE	FALSE
T4_A2	C37B_M1_R1	ASV 4090	Rathayibacter festucae	TRUE	12.9	3.7	16.6	TRUE	TRUE	FALSE	TRUE	FALSE	FALSE	TRUE
T4_A3	C37B_M1_R1	ASV 4090	Rathayibacter festucae	TRUE	2	3.3	5.3	TRUE	TRUE	FALSE	TRUE	FALSE	FALSE	FALSE
T4_A4	C37B_M1_R1	ASV 4090	Rathayibacter festucae	TRUE	11	5.8	16.8	FALSE	TRUE	FALSE	FALSE	FALSE	FALSE	FALSE
T4_A5	C37B_M1_R1	ASV 4090	Rathayibacter festucae	TRUE	8.9	9	17.9	FALSE	TRUE	TRUE	TRUE	FALSE	FALSE	FALSE
T4_A6	C37B_M1_R1	ASV 4090	Rathayibacter festucae	TRUE	11.7	3.8	15.5	TRUE	TRUE	FALSE	FALSE	FALSE	FALSE	FALSE
T4_A7	C37B_M1_R1	ASV 4090	Rathayibacter festucae	TRUE	8	6.9	14.9	FALSE	TRUE	FALSE	TRUE	FALSE	FALSE	FALSE
T4_A8	C37B_M1_R1	ASV 4090	Rathayibacter festucae	FALSE										
T4_A9	C37B_M1_R1	ASV 4090	Rathayibacter festucae	FALSE										
T4_A10	C37B_M1_R1	ASV 4090	Rathayibacter festucae	FALSE										
T4_B1	C37B_M1_R1	ASV 4090	Rathayibacter festucae	TRUE	0.5	1	1.5	FALSE	FALSE	FALSE	FALSE	FALSE	FALSE	TRUE
T4_B2	C37B_M1_R1	ASV 4090	Rathayibacter festucae	TRUE	1	2.7	3.7	TRUE	FALSE	FALSE	FALSE	FALSE	FALSE	FALSE
T4_B3	C37B_M1_R1	ASV 4090	Rathayibacter festucae	TRUE	18	3.5	21.5	TRUE	TRUE	FALSE	FALSE	FALSE	FALSE	FALSE
T4_B4	C37B_M1_R1	ASV 4090	Rathayibacter festucae	TRUE	15.7	5	20.7	TRUE	TRUE	FALSE	FALSE	FALSE	FALSE	FALSE
T4_B5	C37B_M1_R1	ASV 4090	Rathayibacter festucae	TRUE	10	7.3	17.3	FALSE	TRUE	TRUE	FALSE	FALSE	FALSE	FALSE
T4_B6	C37B_M1_R1	ASV 4090	Rathayibacter festucae	TRUE	8.9	5.9	14.8	TRUE	TRUE	FALSE	FALSE	FALSE	FALSE	TRUE
T4_B7	C37B_M1_R1	ASV 4090	Rathayibacter festucae	TRUE	12.6	4	16.6	TRUE	TRUE	FALSE	FALSE	FALSE	FALSE	TRUE
T4_B8	C37B_M1_R1	ASV 4090	Rathayibacter festucae	FALSE										
T4_B9	C37B_M1_R1	ASV 4090	Rathayibacter festucae	FALSE										
T4_B10	C37B_M1_R1	ASV 4090	Rathayibacter festucae	FALSE										
T4_C1	C37B_M1_R1	ASV 4090	Rathayibacter festucae	TRUE	10.5	8	18.5	TRUE	TRUE	TRUE	FALSE	FALSE	FALSE	FALSE
T4_C2	C37B_M1_R1	ASV 4090	Rathayibacter festucae	TRUE	8.5	7.8	16.3	TRUE	TRUE	TRUE	TRUE	FALSE	FALSE	FALSE
T4_C3	C37B_M1_R1	ASV 4090	Rathayibacter festucae	TRUE	9.2	8.2	17.4	TRUE	TRUE	FALSE	FALSE	FALSE	FALSE	FALSE
T4_C4	C37B_M1_R1	ASV 4090	Rathayibacter festucae	TRUE	3.5	6	9.5	TRUE	FALSE	TRUE	TRUE	FALSE	FALSE	FALSE
T4_C5	C37B_M1_R1	ASV 4090	Rathayibacter festucae	TRUE	11.5	6	17.5	TRUE	TRUE	FALSE	TRUE	FALSE	FALSE	FALSE
T4_C6	C37B_M1_R1	ASV 4090	Rathayibacter festucae	TRUE	6.5	8	14.5	FALSE	FALSE	FALSE	FALSE	TRUE	FALSE	FALSE
T4_C7	C37B_M1_R1	ASV 4090	Rathayibacter festucae	TRUE	3.4	2.5	5.9	FALSE	FALSE	FALSE	FALSE	FALSE	FALSE	FALSE
T4_C8	C37B_M1_R1	ASV 4090	Rathayibacter festucae	TRUE	0.9	1.7	2.6	FALSE	FALSE	FALSE	FALSE	FALSE	FALSE	FALSE
T4_C9	C37B_M1_R1	ASV 4090	Rathayibacter festucae	TRUE	8.5	5.5	14	TRUE	TRUE	FALSE	TRUE	FALSE	FALSE	TRUE
T4_C10	C37B_M1_R1	ASV 4090	Rathayibacter festucae	FALSE										
T4_D1	C37B_M1_R1	ASV 4090	Rathayibacter festucae	TRUE	6.1	5.1	11.2	TRUE	TRUE	FALSE	FALSE	FALSE	FALSE	FALSE
T4_D2	C37B_M1_R1	ASV 4090	Rathayibacter festucae	TRUE	5.7	3	8.7	FALSE	FALSE	FALSE	FALSE	FALSE	FALSE	FALSE
T4_D3	C37B_M1_R1	ASV 4090	Rathayibacter festucae	TRUE	6	6	12	TRUE	TRUE	TRUE	FALSE	FALSE	FALSE	TRUE
T4_D4	C37B_M1_R1	ASV 4090	Rathayibacter festucae	TRUE	0.2	3.5	3.7	FALSE	FALSE	FALSE	FALSE	FALSE	FALSE	TRUE
T4_D5	C37B_M1_R1	ASV 4090	Rathayibacter festucae	TRUE	4.5	1.5	6	FALSE	FALSE	FALSE	FALSE	FALSE	FALSE	FALSE
T4_D6	C37B_M1_R1	ASV 4090	Rathayibacter festucae	TRUE	6.7	5.5	12.2	TRUE	FALSE	FALSE	TRUE	FALSE	FALSE	TRUE
T4_D7	C37B_M1_R1	ASV 4090	Rathayibacter festucae	TRUE	9.2	7.5	16.7	FALSE	TRUE	FALSE	FALSE	FALSE	FALSE	FALSE
T4_D8	C37B_M1_R1	ASV 4090	Rathayibacter festucae	TRUE	11	3.4	14.4	TRUE	TRUE	FALSE	FALSE	FALSE	FALSE	FALSE
T4_D9	C37B_M1_R1	ASV 4090	Rathayibacter festucae	FALSE										
T4_D10	C37B_M1_R1	ASV 4090	Rathayibacter festucae	FALSE										
T4_E1	C37B_M1_R1	ASV 4090	Rathayibacter festucae	TRUE	11.5	6.1	17.6	TRUE	TRUE	FALSE	FALSE	FALSE	FALSE	FALSE
T4_E2	C37B_M1_R1	ASV 4090	Rathayibacter festucae	TRUE	3.5	4.4	7.9	FALSE	TRUE	TRUE	FALSE	FALSE	FALSE	TRUE
T4_E3	C37B_M1_R1	ASV 4090	Rathayibacter festucae	TRUE	3.3	3.4	6.7	TRUE	TRUE	FALSE	FALSE	FALSE	FALSE	TRUE
T4_E4	C37B_M1_R1	ASV 4090	Rathayibacter festucae	TRUE	5.6	6	11.6	TRUE	TRUE	FALSE	FALSE	FALSE	FALSE	TRUE
T4_E5	C37B_M1_R1	ASV 4090	Rathayibacter festucae	TRUE	10	6.8	16.8	TRUE	TRUE	FALSE	FALSE	FALSE	FALSE	FALSE
T4_E6	C37B_M1_R1	ASV 4090	Rathayibacter festucae	FALSE										
T4_E7	C37B_M1_R1	ASV 4090	Rathayibacter festucae	FALSE										
T4_E8	C37B_M1_R1	ASV 4090	Rathayibacter festucae	FALSE										
T4_E9	C37B_M1_R1	ASV 4090	Rathayibacter festucae	FALSE										
T4_E10	C37B_M1_R1	ASV 4090	Rathayibacter festucae	FALSE										
T4_F1	C37B_M1_R1	ASV 4090	Rathayibacter festucae	TRUE	3.6	4.2	7.8	TRUE	TRUE	FALSE	FALSE	FALSE	FALSE	FALSE
T4_F2	C37B_M1_R1	ASV 4090	Rathayibacter festucae	TRUE	4.1	1.3	5.4	FALSE	TRUE	FALSE	FALSE	FALSE	TRUE	FALSE
T4_F3	C37B_M1_R1	ASV 4090	Rathayibacter festucae	TRUE	15.7	4.9	20.6	TRUE	TRUE	FALSE	FALSE	FALSE	FALSE	FALSE
T4_F4	C37B_M1_R1	ASV 4090	Rathayibacter festucae	TRUE	0.9	2.4	3.3	TRUE	FALSE	FALSE	FALSE	FALSE	FALSE	FALSE
T4_F5	C37B_M1_R1	ASV 4090	Rathayibacter festucae	TRUE	11.9	5.3	17.2	TRUE	TRUE	FALSE	FALSE	FALSE	FALSE	FALSE
T4_F6	C37B_M1_R1	ASV 4090	Rathayibacter festucae	TRUE	12.6	7.6	20.2	FALSE	TRUE	TRUE	FALSE	FALSE	FALSE	FALSE
T4_F7	C37B_M1_R1	ASV 4090	Rathayibacter festucae	TRUE	5.5	6	11.5	TRUE	TRUE	FALSE	FALSE	FALSE	FALSE	FALSE
T4_F8	C37B_M1_R1	ASV 4090	Rathayibacter festucae	FALSE										
T4_F9	C37B_M1_R1	ASV 4090	Rathayibacter festucae	FALSE										
T4_F10	C37B_M1_R1	ASV 4090	Rathayibacter festucae	FALSE										
T4_G1	C37B_M1_R1	ASV 4090	Rathayibacter festucae	TRUE	8.5	6.1	14.6	TRUE	FALSE	FALSE	FALSE	FALSE	FALSE	FALSE
T4_G2	C37B_M1_R1	ASV 4090	Rathayibacter festucae	TRUE	9.5	3.6	13.1	TRUE	TRUE	FALSE	FALSE	FALSE	FALSE	FALSE
T4_G3	C37B_M1_R1	ASV 4090	Rathayibacter festucae	TRUE	9.6	7	16.6	TRUE	TRUE	FALSE	FALSE	FALSE	TRUE	FALSE
T4_G4	C37B_M1_R1	ASV 4090	Rathayibacter festucae	TRUE	5.6	5	10.6	TRUE	TRUE	FALSE	FALSE	FALSE	FALSE	TRUE
T4_G5	C37B_M1_R1	ASV 4090	Rathayibacter festucae	TRUE	8.7	5.5	14.2	TRUE	TRUE	FALSE	FALSE	FALSE	FALSE	FALSE
T4_G6	C37B_M1_R1	ASV 4090	Rathayibacter festucae	FALSE										
T4_G7	C37B_M1_R1	ASV 4090	Rathayibacter festucae	FALSE										
T4_G8	C37B_M1_R1	ASV 4090	Rathayibacter festucae	FALSE										
T4_G9	C37B_M1_R1	ASV 4090	Rathayibacter festucae	FALSE										
T4_G10	C37B_M1_R1	ASV 4090	Rathayibacter festucae	FALSE										
T4_H1	C37B_M1_R1	ASV 4090	Rathayibacter festucae	TRUE	5.3	6.1	11.4	TRUE	TRUE	FALSE	TRUE	FALSE	FALSE	FALSE
T4_H2	C37B_M1_R1	ASV 4090	Rathayibacter festucae	TRUE	8.5	6	14.5	FALSE	TRUE	FALSE	TRUE	FALSE	FALSE	TRUE
T4_H3	C37B_M1_R1	ASV 4090	Rathayibacter festucae	TRUE	7	5.5	12.5	TRUE	TRUE	FALSE	FALSE	FALSE	FALSE	TRUE
T4_H4	C37B_M1_R1	ASV 4090	Rathayibacter festucae	TRUE	4.4	3.2	7.6	TRUE	TRUE	FALSE	FALSE	FALSE	FALSE	FALSE
T4_H5	C37B_M1_R1	ASV 4090	Rathayibacter festucae	TRUE	6.5	5.9	12.4	FALSE	FALSE	FALSE	TRUE	FALSE	FALSE	FALSE
T4_H6	C37B_M1_R1	ASV 4090	Rathayibacter festucae	TRUE	2.5	5.9	8.4	TRUE	TRUE	FALSE	FALSE	FALSE	FALSE	TRUE
T4_H7	C37B_M1_R1	ASV 4090	Rathayibacter festucae	TRUE	11.1	6.1	17.2	FALSE	TRUE	FALSE	FALSE	FALSE	FALSE	FALSE
T4_H8	C37B_M1_R1	ASV 4090	Rathayibacter festucae	TRUE	9.2	6.5	15.7	TRUE	TRUE	TRUE	TRUE	FALSE	FALSE	FALSE
T4_H9	C37B_M1_R1	ASV 4090	Rathayibacter festucae	TRUE	14.5	4.2	18.7	TRUE	TRUE	FALSE	FALSE	FALSE	FALSE	FALSE
T4_H10	C37B_M1_R1	ASV 4090	Rathayibacter festucae	FALSE										
T4_I1	C37B_M1_R1	ASV 4090	Rathayibacter festucae	TRUE	5.7	5.2	10.9	TRUE	TRUE	FALSE	FALSE	FALSE	FALSE	TRUE
T4_I2	C37B_M1_R1	ASV 4090	Rathayibacter festucae	TRUE	15.6	5.3	20.9	TRUE	TRUE	FALSE	FALSE	FALSE	FALSE	FALSE
T4_I3	C37B_M1_R1	ASV 4090	Rathayibacter festucae	TRUE	8.3	5.5	13.8	TRUE	TRUE	FALSE	FALSE	FALSE	FALSE	TRUE
T4_I4	C37B_M1_R1	ASV 4090	Rathayibacter festucae	TRUE	7.2	3.7	10.9	TRUE	TRUE	FALSE	FALSE	FALSE	FALSE	FALSE
T4_I5	C37B_M1_R1	ASV 4090	Rathayibacter festucae	TRUE	5.1	4.4	9.5	TRUE	TRUE	TRUE	FALSE	FALSE	FALSE	TRUE
T4_I6	C37B_M1_R1	ASV 4090	Rathayibacter festucae	TRUE	4.5	4.5	9	TRUE	TRUE	FALSE	FALSE	FALSE	FALSE	FALSE
T4_I7	C37B_M1_R1	ASV 4090	Rathayibacter festucae	TRUE	6.6	4.1	10.7	TRUE	TRUE	FALSE	FALSE	FALSE	FALSE	FALSE
T4_I8	C37B_M1_R1	ASV 4090	Rathayibacter festucae	FALSE										
T4_I9	C37B_M1_R1	ASV 4090	Rathayibacter festucae	FALSE										
T4_I10	C37B_M1_R1	ASV 4090	Rathayibacter festucae	FALSE										
T4_J1	C37B_M1_R1	ASV 4090	Rathayibacter festucae	TRUE	12.2	5.5	17.7	FALSE	TRUE	TRUE	FALSE	FALSE	FALSE	FALSE
T4_J2	C37B_M1_R1	ASV 4090	Rathayibacter festucae	TRUE	1.5	4	5.5	FALSE	FALSE	FALSE	FALSE	FALSE	FALSE	TRUE
T4_J3	C37B_M1_R1	ASV 4090	Rathayibacter festucae	TRUE	8.8	7	15.8	FALSE	FALSE	FALSE	FALSE	FALSE	FALSE	FALSE
T4_J4	C37B_M1_R1	ASV 4090	Rathayibacter festucae	TRUE	7.5	3.8	11.3	FALSE	FALSE	FALSE	FALSE	FALSE	FALSE	FALSE
T4_J5	C37B_M1_R1	ASV 4090	Rathayibacter festucae	TRUE	4.4	4	8.4	TRUE	TRUE	FALSE	FALSE	FALSE	FALSE	TRUE
T4_J6	C37B_M1_R1	ASV 4090	Rathayibacter festucae	TRUE	3.2	1.5	4.7	FALSE	FALSE	FALSE	FALSE	FALSE	FALSE	TRUE
T4_J7	C37B_M1_R1	ASV 4090	Rathayibacter festucae	TRUE	7.7	2.9	10.6	FALSE	FALSE	FALSE	FALSE	FALSE	FALSE	FALSE
T4_J8	C37B_M1_R1	ASV 4090	Rathayibacter festucae	TRUE	6	6	12	FALSE	TRUE	FALSE	FALSE	FALSE	FALSE	FALSE
T4_J9	C37B_M1_R1	ASV 4090	Rathayibacter festucae	TRUE	7	2	9	FALSE	FALSE	FALSE	FALSE	FALSE	FALSE	FALSE
T4_J10	C37B_M1_R1	ASV 4090	Rathayibacter festucae	TRUE	6	2.3	8.3	FALSE	FALSE	FALSE	FALSE	FALSE	FALSE	FALSE
T4_K1	C37B_M1_R1	ASV 4090	Rathayibacter festucae	TRUE	9.5	7.3	16.8	TRUE	TRUE	TRUE	FALSE	FALSE	FALSE	FALSE
T4_K2	C37B_M1_R1	ASV 4090	Rathayibacter festucae	TRUE	6.5	8	14.5	TRUE	TRUE	FALSE	TRUE	FALSE	FALSE	FALSE
T4_K3	C37B_M1_R1	ASV 4090	Rathayibacter festucae	TRUE	9.7	3	12.7	TRUE	TRUE	FALSE	FALSE	FALSE	FALSE	FALSE
T4_K4	C37B_M1_R1	ASV 4090	Rathayibacter festucae	TRUE	10.7	5.5	16.2	TRUE	TRUE	FALSE	FALSE	FALSE	FALSE	FALSE
T4_K5	C37B_M1_R1	ASV 4090	Rathayibacter festucae	TRUE	9.7	6	15.7	FALSE	FALSE	FALSE	FALSE	FALSE	FALSE	FALSE
T4_K6	C37B_M1_R1	ASV 4090	Rathayibacter festucae	TRUE	2.9	2	4.9	FALSE	FALSE	FALSE	FALSE	FALSE	FALSE	FALSE
T4_K7	C37B_M1_R1	ASV 4090	Rathayibacter festucae	TRUE	9.5	6.1	15.6	TRUE	TRUE	FALSE	FALSE	FALSE	TRUE	FALSE
T4_K8	C37B_M1_R1	ASV 4090	Rathayibacter festucae	TRUE	0.1	2.6	2.7	TRUE	FALSE	FALSE	FALSE	FALSE	FALSE	FALSE
T4_K9	C37B_M1_R1	ASV 4090	Rathayibacter festucae	FALSE										
T4_K10	C37B_M1_R1	ASV 4090	Rathayibacter festucae	FALSE										
T4_L1	C37B_M1_R1	ASV 4090	Rathayibacter festucae	TRUE	11	6.4	17.4	FALSE	TRUE	TRUE	FALSE	FALSE	FALSE	FALSE
T4_L2	C37B_M1_R1	ASV 4090	Rathayibacter festucae	TRUE	5	5.4	10.4	TRUE	TRUE	FALSE	FALSE	FALSE	FALSE	TRUE
T4_L3	C37B_M1_R1	ASV 4090	Rathayibacter festucae	TRUE	5.3	4	9.3	TRUE	TRUE	FALSE	FALSE	FALSE	FALSE	TRUE
T4_L4	C37B_M1_R1	ASV 4090	Rathayibacter festucae	TRUE	9.3	4.1	13.4	TRUE	TRUE	FALSE	FALSE	FALSE	FALSE	FALSE
T4_L5	C37B_M1_R1	ASV 4090	Rathayibacter festucae	TRUE	15.4	3.5	18.9	TRUE	TRUE	FALSE	FALSE	FALSE	FALSE	FALSE
T4_L6	C37B_M1_R1	ASV 4090	Rathayibacter festucae	TRUE	8.8	4.6	13.4	FALSE	FALSE	FALSE	TRUE	FALSE	FALSE	FALSE
T4_L7	C37B_M1_R1	ASV 4090	Rathayibacter festucae	TRUE	8.5	6	14.5	FALSE	FALSE	FALSE	TRUE	FALSE	FALSE	FALSE
T4_L8	C37B_M1_R1	ASV 4090	Rathayibacter festucae	TRUE	7.9	7	14.9	FALSE	FALSE	FALSE	TRUE	FALSE	FALSE	FALSE
T4_L9	C37B_M1_R1	ASV 4090	Rathayibacter festucae	TRUE	0.5	1.7	2.2	FALSE	FALSE	FALSE	FALSE	FALSE	FALSE	FALSE
T4_L10	C37B_M1_R1	ASV 4090	Rathayibacter festucae	FALSE										
T6_A1	C11_M4_B1	ASV 3055	Bacillus frigotolerans	TRUE	4	4	8	TRUE	TRUE	TRUE	FALSE	FALSE	FALSE	FALSE
T6_A2	C11_M4_B1	ASV 3055	Bacillus frigotolerans	TRUE	4	1.7	5.7	FALSE	FALSE	TRUE	FALSE	FALSE	FALSE	TRUE
T6_A3	C11_M4_B1	ASV 3055	Bacillus frigotolerans	TRUE	1.5	3	4.5	FALSE	TRUE	FALSE	FALSE	FALSE	FALSE	FALSE
T6_A4	C11_M4_B1	ASV 3055	Bacillus frigotolerans	TRUE	0.7	1	1.7	FALSE	FALSE	FALSE	FALSE	FALSE	FALSE	FALSE
T6_A5	C11_M4_B1	ASV 3055	Bacillus frigotolerans	TRUE	10	6.5	16.5	TRUE	TRUE	FALSE	FALSE	FALSE	FALSE	FALSE
T6_A6	C11_M4_B1	ASV 3055	Bacillus frigotolerans	TRUE	8.2	8	16.2	TRUE	TRUE	FALSE	FALSE	FALSE	FALSE	FALSE
T6_A7	C11_M4_B1	ASV 3055	Bacillus frigotolerans	TRUE	9.5	10	19.5	TRUE	TRUE	FALSE	FALSE	FALSE	FALSE	FALSE
T6_A8	C11_M4_B1	ASV 3055	Bacillus frigotolerans	TRUE	4.3	5.2	9.5	TRUE	TRUE	FALSE	FALSE	FALSE	FALSE	FALSE
T6_A9	C11_M4_B1	ASV 3055	Bacillus frigotolerans	TRUE	8	7	15	FALSE	TRUE	FALSE	FALSE	FALSE	TRUE	FALSE
T6_A10	C11_M4_B1	ASV 3055	Bacillus frigotolerans	FALSE										
T6_B1	C11_M4_B1	ASV 3055	Bacillus frigotolerans	TRUE	12	4	16	TRUE	TRUE	FALSE	FALSE	FALSE	FALSE	FALSE
T6_B2	C11_M4_B1	ASV 3055	Bacillus frigotolerans	TRUE	0.9	1.5	2.4	TRUE	FALSE	FALSE	FALSE	FALSE	FALSE	FALSE
T6_B3	C11_M4_B1	ASV 3055	Bacillus frigotolerans	TRUE	11.5	4.5	16	FALSE	TRUE	FALSE	FALSE	FALSE	FALSE	FALSE
T6_B4	C11_M4_B1	ASV 3055	Bacillus frigotolerans	TRUE	4.5	3	7.5	TRUE	TRUE	FALSE	FALSE	FALSE	FALSE	FALSE
T6_B5	C11_M4_B1	ASV 3055	Bacillus frigotolerans	TRUE	9.7	7	16.7	TRUE	TRUE	FALSE	FALSE	FALSE	FALSE	FALSE
T6_B6	C11_M4_B1	ASV 3055	Bacillus frigotolerans	TRUE	17.5	5.5	23	TRUE	TRUE	FALSE	FALSE	FALSE	FALSE	FALSE
T6_B7	C11_M4_B1	ASV 3055	Bacillus frigotolerans	TRUE	11.5	5.5	17	TRUE	TRUE	FALSE	FALSE	FALSE	FALSE	FALSE
T6_B8	C11_M4_B1	ASV 3055	Bacillus frigotolerans	TRUE	7	6.5	13.5	TRUE	TRUE	FALSE	FALSE	FALSE	FALSE	FALSE
T6_B9	C11_M4_B1	ASV 3055	Bacillus frigotolerans	FALSE										
T6_B10	C11_M4_B1	ASV 3055	Bacillus frigotolerans	FALSE										
T6_C1	C11_M4_B1	ASV 3055	Bacillus frigotolerans	TRUE	8.5	6.1	14.6	FALSE	TRUE	FALSE	TRUE	FALSE	FALSE	FALSE
T6_C2	C11_M4_B1	ASV 3055	Bacillus frigotolerans	TRUE	3.5	3.1	6.6	TRUE	TRUE	FALSE	FALSE	FALSE	FALSE	FALSE
T6_C3	C11_M4_B1	ASV 3055	Bacillus frigotolerans	TRUE	6.7	5.2	11.9	TRUE	TRUE	FALSE	FALSE	FALSE	FALSE	FALSE
T6_C4	C11_M4_B1	ASV 3055	Bacillus frigotolerans	TRUE	7.5	5.7	13.2	TRUE	TRUE	FALSE	FALSE	FALSE	FALSE	FALSE
T6_C5	C11_M4_B1	ASV 3055	Bacillus frigotolerans	TRUE	8.4	6	14.4	FALSE	TRUE	FALSE	TRUE	FALSE	FALSE	FALSE
T6_C6	C11_M4_B1	ASV 3055	Bacillus frigotolerans	TRUE	4.9	2.1	7	FALSE	FALSE	FALSE	FALSE	TRUE	FALSE	FALSE
T6_C7	C11_M4_B1	ASV 3055	Bacillus frigotolerans	FALSE										
T6_C8	C11_M4_B1	ASV 3055	Bacillus frigotolerans	FALSE										
T6_C9	C11_M4_B1	ASV 3055	Bacillus frigotolerans	FALSE										
T6_C10	C11_M4_B1	ASV 3055	Bacillus frigotolerans	FALSE										
T6_D1	C11_M4_B1	ASV 3055	Bacillus frigotolerans	TRUE	8.7	5.5	14.2	TRUE	TRUE	FALSE	FALSE	FALSE	FALSE	FALSE
T6_D2	C11_M4_B1	ASV 3055	Bacillus frigotolerans	TRUE	12	3.2	15.2	TRUE	TRUE	FALSE	FALSE	FALSE	FALSE	FALSE
T6_D3	C11_M4_B1	ASV 3055	Bacillus frigotolerans	TRUE	14	5.5	19.5	TRUE	TRUE	FALSE	FALSE	FALSE	FALSE	FALSE
T6_D4	C11_M4_B1	ASV 3055	Bacillus frigotolerans	TRUE	16	5	21	TRUE	TRUE	FALSE	FALSE	FALSE	FALSE	FALSE
T6_D5	C11_M4_B1	ASV 3055	Bacillus frigotolerans	TRUE	11.5	7	18.5	TRUE	TRUE	FALSE	FALSE	FALSE	FALSE	FALSE
T6_D6	C11_M4_B1	ASV 3055	Bacillus frigotolerans	TRUE	11.2	5.2	16.4	FALSE	TRUE	FALSE	FALSE	FALSE	FALSE	FALSE
T6_D7	C11_M4_B1	ASV 3055	Bacillus frigotolerans	TRUE	4.5	5.5	10	TRUE	TRUE	FALSE	FALSE	FALSE	FALSE	FALSE
T6_D8	C11_M4_B1	ASV 3055	Bacillus frigotolerans	TRUE	2.3	2.5	4.8	FALSE	FALSE	FALSE	FALSE	FALSE	FALSE	FALSE
T6_D9	C11_M4_B1	ASV 3055	Bacillus frigotolerans	TRUE	10	6.3	16.3	TRUE	TRUE	FALSE	FALSE	FALSE	FALSE	FALSE
T6_D10	C11_M4_B1	ASV 3055	Bacillus frigotolerans	FALSE										
T6_E1	C11_M4_B1	ASV 3055	Bacillus frigotolerans	TRUE	10.5	6.1	16.6	TRUE	TRUE	FALSE	FALSE	FALSE	FALSE	FALSE
T6_E2	C11_M4_B1	ASV 3055	Bacillus frigotolerans	TRUE	5.4	6.7	12.1	TRUE	TRUE	FALSE	FALSE	FALSE	FALSE	TRUE
T6_E3	C11_M4_B1	ASV 3055	Bacillus frigotolerans	TRUE	7.7	6.1	13.8	TRUE	TRUE	TRUE	FALSE	FALSE	FALSE	FALSE
T6_E4	C11_M4_B1	ASV 3055	Bacillus frigotolerans	TRUE	2	5.5	7.5	TRUE	TRUE	FALSE	TRUE	FALSE	FALSE	FALSE
T6_E5	C11_M4_B1	ASV 3055	Bacillus frigotolerans	TRUE	5	4.5	9.5	TRUE	TRUE	TRUE	FALSE	FALSE	FALSE	TRUE
T6_E6	C11_M4_B1	ASV 3055	Bacillus frigotolerans	TRUE	10.2	7.1	17.3	TRUE	TRUE	FALSE	TRUE	FALSE	FALSE	FALSE
T6_E7	C11_M4_B1	ASV 3055	Bacillus frigotolerans	TRUE	6.2	5.5	11.7	FALSE	TRUE	FALSE	FALSE	FALSE	FALSE	FALSE
T6_E8	C11_M4_B1	ASV 3055	Bacillus frigotolerans	TRUE	5	4.1	9.1	FALSE	FALSE	FALSE	FALSE	FALSE	FALSE	FALSE
T6_E9	C11_M4_B1	ASV 3055	Bacillus frigotolerans	TRUE	2.8	3	5.8	FALSE	TRUE	FALSE	FALSE	FALSE	FALSE	FALSE
T6_E10	C11_M4_B1	ASV 3055	Bacillus frigotolerans	TRUE	12	7	19	FALSE	TRUE	TRUE	FALSE	FALSE	FALSE	FALSE
T6_F1	C11_M4_B1	ASV 3055	Bacillus frigotolerans	TRUE	6.5	4	10.5	TRUE	FALSE	FALSE	FALSE	FALSE	FALSE	FALSE
T6_F2	C11_M4_B1	ASV 3055	Bacillus frigotolerans	TRUE	13.7	5.7	19.4	TRUE	TRUE	FALSE	FALSE	FALSE	FALSE	FALSE
T6_F3	C11_M4_B1	ASV 3055	Bacillus frigotolerans	TRUE	12.2	4.7	16.9	TRUE	TRUE	FALSE	FALSE	FALSE	FALSE	FALSE
T6_F4	C11_M4_B1	ASV 3055	Bacillus frigotolerans	TRUE	4.7	4.7	9.4	FALSE	TRUE	TRUE	FALSE	FALSE	FALSE	TRUE
T6_F5	C11_M4_B1	ASV 3055	Bacillus frigotolerans	TRUE	4.9	3.8	8.7	TRUE	TRUE	FALSE	FALSE	FALSE	FALSE	FALSE
T6_F6	C11_M4_B1	ASV 3055	Bacillus frigotolerans	TRUE	3.1	4.5	7.6	TRUE	TRUE	TRUE	FALSE	FALSE	FALSE	TRUE
T6_F7	C11_M4_B1	ASV 3055	Bacillus frigotolerans	TRUE	6.4	5.2	11.6	TRUE	FALSE	FALSE	FALSE	FALSE	FALSE	TRUE
T6_F8	C11_M4_B1	ASV 3055	Bacillus frigotolerans	TRUE	7.5	5.4	12.9	TRUE	TRUE	FALSE	FALSE	FALSE	FALSE	TRUE
T6_F9	C11_M4_B1	ASV 3055	Bacillus frigotolerans	FALSE										
T6_F10	C11_M4_B1	ASV 3055	Bacillus frigotolerans	FALSE										
T6_G1	C11_M4_B1	ASV 3055	Bacillus frigotolerans	TRUE	11.4	4.5	15.9	TRUE	TRUE	FALSE	FALSE	FALSE	FALSE	FALSE
T6_G2	C11_M4_B1	ASV 3055	Bacillus frigotolerans	TRUE	13.7	7	20.7	TRUE	TRUE	FALSE	FALSE	FALSE	FALSE	FALSE
T6_G3	C11_M4_B1	ASV 3055	Bacillus frigotolerans	TRUE	2.8	9	11.8	FALSE	TRUE	FALSE	FALSE	FALSE	FALSE	TRUE
T6_G4	C11_M4_B1	ASV 3055	Bacillus frigotolerans	TRUE	15	5	20	TRUE	TRUE	TRUE	FALSE	FALSE	FALSE	FALSE
T6_G5	C11_M4_B1	ASV 3055	Bacillus frigotolerans	TRUE	6.2	6.5	12.7	FALSE	TRUE	TRUE	FALSE	FALSE	FALSE	TRUE
T6_G6	C11_M4_B1	ASV 3055	Bacillus frigotolerans	TRUE	11	4.7	15.7	TRUE	TRUE	FALSE	FALSE	FALSE	FALSE	FALSE
T6_G7	C11_M4_B1	ASV 3055	Bacillus frigotolerans	TRUE	11.2	10	21.2	TRUE	TRUE	FALSE	FALSE	FALSE	FALSE	FALSE
T6_G8	C11_M4_B1	ASV 3055	Bacillus frigotolerans	TRUE	7.5	7.5	15	FALSE	TRUE	FALSE	FALSE	FALSE	FALSE	FALSE
T6_G9	C11_M4_B1	ASV 3055	Bacillus frigotolerans	TRUE	6	6.5	12.5	TRUE	TRUE	TRUE	FALSE	FALSE	FALSE	FALSE
T6_G10	C11_M4_B1	ASV 3055	Bacillus frigotolerans	TRUE	0.2	2	2.2	FALSE	TRUE	FALSE	FALSE	FALSE	FALSE	FALSE
T6_H1	C11_M4_B1	ASV 3055	Bacillus frigotolerans	TRUE	9	7.7	16.7	FALSE	TRUE	FALSE	TRUE	FALSE	FALSE	FALSE
T6_H2	C11_M4_B1	ASV 3055	Bacillus frigotolerans	TRUE	4	3.3	7.3	TRUE	TRUE	FALSE	FALSE	FALSE	FALSE	TRUE
T6_H3	C11_M4_B1	ASV 3055	Bacillus frigotolerans	TRUE	8	6.7	14.7	TRUE	TRUE	FALSE	TRUE	FALSE	FALSE	FALSE
T6_H4	C11_M4_B1	ASV 3055	Bacillus frigotolerans	TRUE	13.1	6.2	19.3	TRUE	TRUE	FALSE	FALSE	FALSE	FALSE	FALSE
T6_H5	C11_M4_B1	ASV 3055	Bacillus frigotolerans	FALSE										
T6_H6	C11_M4_B1	ASV 3055	Bacillus frigotolerans	FALSE										
T6_H7	C11_M4_B1	ASV 3055	Bacillus frigotolerans	FALSE										
T6_H8	C11_M4_B1	ASV 3055	Bacillus frigotolerans	FALSE										
T6_H9	C11_M4_B1	ASV 3055	Bacillus frigotolerans	FALSE										
T6_H10	C11_M4_B1	ASV 3055	Bacillus frigotolerans	FALSE										
T6_I1	C11_M4_B1	ASV 3055	Bacillus frigotolerans	TRUE	4.5	4.1	8.6	TRUE	TRUE	FALSE	FALSE	FALSE	FALSE	FALSE
T6_I2	C11_M4_B1	ASV 3055	Bacillus frigotolerans	TRUE	8.7	7	15.7	FALSE	TRUE	TRUE	FALSE	FALSE	FALSE	FALSE
T6_I3	C11_M4_B1	ASV 3055	Bacillus frigotolerans	TRUE	3.8	2.5	6.3	TRUE	FALSE	FALSE	FALSE	FALSE	FALSE	FALSE
T6_I4	C11_M4_B1	ASV 3055	Bacillus frigotolerans	TRUE	8.1	7.7	15.8	TRUE	TRUE	FALSE	TRUE	FALSE	FALSE	FALSE
T6_I5	C11_M4_B1	ASV 3055	Bacillus frigotolerans	TRUE	8.5	4.5	13	TRUE	TRUE	TRUE	FALSE	FALSE	FALSE	FALSE
T6_I6	C11_M4_B1	ASV 3055	Bacillus frigotolerans	TRUE	10.7	2	12.7	FALSE	TRUE	TRUE	FALSE	FALSE	FALSE	FALSE
T6_I7	C11_M4_B1	ASV 3055	Bacillus frigotolerans	TRUE	8	1	9	FALSE	FALSE	FALSE	FALSE	FALSE	FALSE	FALSE
T6_I8	C11_M4_B1	ASV 3055	Bacillus frigotolerans	TRUE	2.3	2	4.3	FALSE	TRUE	FALSE	FALSE	TRUE	FALSE	FALSE
T6_I9	C11_M4_B1	ASV 3055	Bacillus frigotolerans	FALSE										
T6_I10	C11_M4_B1	ASV 3055	Bacillus frigotolerans	FALSE										
T6_J1	C11_M4_B1	ASV 3055	Bacillus frigotolerans	TRUE	9.9	7	16.9	FALSE	TRUE	TRUE	TRUE	FALSE	FALSE	FALSE
T6_J2	C11_M4_B1	ASV 3055	Bacillus frigotolerans	TRUE	15.1	5	20.1	FALSE	TRUE	TRUE	FALSE	FALSE	FALSE	FALSE
T6_J3	C11_M4_B1	ASV 3055	Bacillus frigotolerans	TRUE	6.4	4	10.4	TRUE	TRUE	TRUE	FALSE	FALSE	FALSE	TRUE
T6_J4	C11_M4_B1	ASV 3055	Bacillus frigotolerans	TRUE	2.5	3.7	6.2	FALSE	TRUE	FALSE	TRUE	FALSE	FALSE	FALSE
T6_J5	C11_M4_B1	ASV 3055	Bacillus frigotolerans	TRUE	4.6	4	8.6	TRUE	TRUE	FALSE	FALSE	FALSE	FALSE	TRUE
T6_J6	C11_M4_B1	ASV 3055	Bacillus frigotolerans	TRUE	11.5	7	18.5	TRUE	TRUE	FALSE	FALSE	FALSE	FALSE	FALSE
T6_J7	C11_M4_B1	ASV 3055	Bacillus frigotolerans	TRUE	2	2.4	4.4	FALSE	FALSE	FALSE	FALSE	FALSE	TRUE	FALSE
T6_J8	C11_M4_B1	ASV 3055	Bacillus frigotolerans	FALSE										
T6_J9	C11_M4_B1	ASV 3055	Bacillus frigotolerans	FALSE										
T6_J10	C11_M4_B1	ASV 3055	Bacillus frigotolerans	FALSE										
T6_K1	C11_M4_B1	ASV 3055	Bacillus frigotolerans	TRUE	6.8	6.2	13	TRUE	TRUE	FALSE	FALSE	FALSE	FALSE	FALSE
T6_K2	C11_M4_B1	ASV 3055	Bacillus frigotolerans	TRUE	8	6	14	FALSE	TRUE	FALSE	FALSE	FALSE	FALSE	FALSE
T6_K3	C11_M4_B1	ASV 3055	Bacillus frigotolerans	TRUE	6.5	2	8.5	TRUE	TRUE	FALSE	FALSE	FALSE	FALSE	FALSE
T6_K4	C11_M4_B1	ASV 3055	Bacillus frigotolerans	TRUE	7.5	5.5	13	FALSE	TRUE	FALSE	TRUE	FALSE	FALSE	FALSE
T6_K5	C11_M4_B1	ASV 3055	Bacillus frigotolerans	TRUE	9.6	5	14.6	TRUE	TRUE	FALSE	FALSE	FALSE	FALSE	TRUE
T6_K6	C11_M4_B1	ASV 3055	Bacillus frigotolerans	TRUE	4.7	4.2	8.9	FALSE	FALSE	FALSE	TRUE	FALSE	FALSE	FALSE
T6_K7	C11_M4_B1	ASV 3055	Bacillus frigotolerans	FALSE										
T6_K8	C11_M4_B1	ASV 3055	Bacillus frigotolerans	FALSE										
T6_K9	C11_M4_B1	ASV 3055	Bacillus frigotolerans	FALSE										
T6_K10	C11_M4_B1	ASV 3055	Bacillus frigotolerans	FALSE										
T6_L1	C11_M4_B1	ASV 3055	Bacillus frigotolerans	TRUE	10.5	6.5	17	TRUE	TRUE	TRUE	FALSE	FALSE	FALSE	FALSE
T6_L2	C11_M4_B1	ASV 3055	Bacillus frigotolerans	TRUE	10.3	5.5	15.8	TRUE	TRUE	TRUE	TRUE	FALSE	FALSE	FALSE
T6_L3	C11_M4_B1	ASV 3055	Bacillus frigotolerans	TRUE	12.8	5.2	18	TRUE	TRUE	FALSE	FALSE	FALSE	FALSE	FALSE
T6_L4	C11_M4_B1	ASV 3055	Bacillus frigotolerans	TRUE	6.1	3.5	9.6	TRUE	TRUE	FALSE	FALSE	FALSE	FALSE	FALSE
T6_L5	C11_M4_B1	ASV 3055	Bacillus frigotolerans	TRUE	12.2	5.5	17.7	FALSE	TRUE	TRUE	FALSE	FALSE	FALSE	FALSE
T6_L6	C11_M4_B1	ASV 3055	Bacillus frigotolerans	TRUE	10.6	6.1	16.7	TRUE	TRUE	TRUE	FALSE	FALSE	FALSE	FALSE
T6_L7	C11_M4_B1	ASV 3055	Bacillus frigotolerans	FALSE										
T6_L8	C11_M4_B1	ASV 3055	Bacillus frigotolerans	FALSE										
T6_L9	C11_M4_B1	ASV 3055	Bacillus frigotolerans	FALSE										
T6_L10	C11_M4_B1	ASV 3055	Bacillus frigotolerans	FALSE										
C_A1	Control	Control	Control	TRUE	3	5	8	FALSE	TRUE	FALSE	TRUE	FALSE	FALSE	FALSE
C_A2	Control	Control	Control	TRUE	11	5.5	16.5	TRUE	TRUE	FALSE	TRUE	FALSE	TRUE	FALSE
C_A3	Control	Control	Control	TRUE	7	5.5	12.5	TRUE	TRUE	FALSE	FALSE	FALSE	FALSE	FALSE
C_A4	Control	Control	Control	TRUE	3	2.5	5.5	TRUE	FALSE	FALSE	FALSE	FALSE	FALSE	FALSE
C_A5	Control	Control	Control	TRUE	7	2.5	9.5	FALSE	TRUE	FALSE	FALSE	FALSE	FALSE	FALSE
C_A6	Control	Control	Control	TRUE	4.3	3.8	8.1	TRUE	TRUE	FALSE	FALSE	FALSE	FALSE	FALSE
C_A7	Control	Control	Control	TRUE	7.7	4.4	12.1	FALSE	TRUE	FALSE	FALSE	FALSE	FALSE	FALSE
C_A8	Control	Control	Control	TRUE	4	1	5	TRUE	FALSE	FALSE	FALSE	FALSE	FALSE	TRUE
C_A9	Control	Control	Control	TRUE	4	4.2	8.2	FALSE	TRUE	FALSE	FALSE	FALSE	FALSE	TRUE
C_A10	Control	Control	Control	FALSE										
C_B1	Control	Control	Control	TRUE	9.5	4.9	14.4	FALSE	TRUE	FALSE	TRUE	FALSE	FALSE	FALSE
C_B2	Control	Control	Control	TRUE	8.5	2.5	11	TRUE	TRUE	FALSE	FALSE	FALSE	FALSE	FALSE
C_B3	Control	Control	Control	TRUE	7.5	5.1	12.6	FALSE	TRUE	TRUE	FALSE	FALSE	FALSE	FALSE
C_B4	Control	Control	Control	TRUE	7.7	7.7	15.4	FALSE	TRUE	FALSE	FALSE	FALSE	FALSE	FALSE
C_B5	Control	Control	Control	TRUE	6.5	6.5	13	FALSE	TRUE	FALSE	TRUE	FALSE	FALSE	FALSE
C_B6	Control	Control	Control	TRUE	11.5	6.5	18	TRUE	TRUE	FALSE	TRUE	FALSE	FALSE	FALSE
C_B7	Control	Control	Control	FALSE										
C_B8	Control	Control	Control	FALSE										
C_B9	Control	Control	Control	FALSE										
C_B10	Control	Control	Control	FALSE										
C_C1	Control	Control	Control	TRUE	8.5	8	16.5	FALSE	TRUE	FALSE	TRUE	FALSE	FALSE	FALSE
C_C2	Control	Control	Control	TRUE	4.5	5	9.5	TRUE	TRUE	FALSE	FALSE	FALSE	FALSE	FALSE
C_C3	Control	Control	Control	TRUE	1.5	2.5	4	TRUE	TRUE	FALSE	FALSE	FALSE	FALSE	FALSE
C_C4	Control	Control	Control	TRUE	3.5	3.5	7	TRUE	TRUE	FALSE	TRUE	FALSE	FALSE	FALSE
C_C5	Control	Control	Control	TRUE	11.6	5.1	16.7	TRUE	TRUE	FALSE	FALSE	FALSE	FALSE	FALSE
C_C6	Control	Control	Control	TRUE	8.5	5.2	13.7	TRUE	TRUE	FALSE	TRUE	FALSE	FALSE	FALSE
C_C7	Control	Control	Control	FALSE										
C_C8	Control	Control	Control	FALSE										
C_C9	Control	Control	Control	FALSE										
C_C10	Control	Control	Control	FALSE										
C_D1	Control	Control	Control	TRUE	12.5	6.2	18.7	FALSE	TRUE	TRUE	TRUE	FALSE	FALSE	FALSE
C_D2	Control	Control	Control	TRUE	3.2	1.6	4.8	FALSE	FALSE	TRUE	FALSE	FALSE	FALSE	TRUE
C_D3	Control	Control	Control	TRUE	2	4	6	TRUE	TRUE	FALSE	TRUE	FALSE	FALSE	FALSE
C_D4	Control	Control	Control	TRUE	2.2	2.7	4.9	TRUE	FALSE	FALSE	TRUE	FALSE	FALSE	FALSE
C_D5	Control	Control	Control	TRUE	6.5	4.5	11	TRUE	TRUE	FALSE	FALSE	FALSE	FALSE	FALSE
C_D6	Control	Control	Control	TRUE	3.5	4	7.5	TRUE	TRUE	FALSE	FALSE	FALSE	FALSE	FALSE
C_D7	Control	Control	Control	TRUE	2.5	3.5	6	FALSE	TRUE	FALSE	FALSE	FALSE	FALSE	FALSE
C_D8	Control	Control	Control	FALSE										
C_D9	Control	Control	Control	FALSE										
C_D10	Control	Control	Control	FALSE										
C_E1	Control	Control	Control	TRUE	8	4.4	12.4	TRUE	TRUE	TRUE	FALSE	FALSE	FALSE	FALSE
C_E2	Control	Control	Control	TRUE	10.2	2.3	12.5	FALSE	TRUE	FALSE	FALSE	FALSE	FALSE	TRUE
C_E3	Control	Control	Control	TRUE	6.5	3.6	10.1	FALSE	TRUE	FALSE	FALSE	FALSE	FALSE	TRUE
C_E4	Control	Control	Control	TRUE	5.2	5.2	10.4	FALSE	TRUE	FALSE	FALSE	FALSE	FALSE	FALSE
C_E5	Control	Control	Control	TRUE	5.5	5.2	10.7	FALSE	TRUE	TRUE	TRUE	FALSE	FALSE	TRUE
C_E6	Control	Control	Control	TRUE	7	3.6	10.6	FALSE	FALSE	FALSE	TRUE	FALSE	FALSE	FALSE
C_E7	Control	Control	Control	TRUE	6.3	6	12.3	FALSE	TRUE	FALSE	TRUE	FALSE	FALSE	FALSE
C_E8	Control	Control	Control	FALSE										
C_E9	Control	Control	Control	FALSE										
C_E10	Control	Control	Control	FALSE										
C_F1	Control	Control	Control	TRUE	11.2	2.7	13.9	TRUE	TRUE	FALSE	FALSE	FALSE	FALSE	FALSE
C_F2	Control	Control	Control	TRUE	0.5	1.7	2.2	FALSE	FALSE	FALSE	FALSE	FALSE	FALSE	FALSE
C_F3	Control	Control	Control	TRUE	4.5	5.3	9.8	FALSE	TRUE	FALSE	FALSE	FALSE	FALSE	TRUE
C_F4	Control	Control	Control	TRUE	11	6.2	17.2	FALSE	TRUE	TRUE	TRUE	FALSE	FALSE	FALSE
C_F5	Control	Control	Control	TRUE	8.5	4.7	13.2	FALSE	TRUE	FALSE	FALSE	FALSE	FALSE	TRUE
C_F6	Control	Control	Control	TRUE	0.4	2.5	2.9	FALSE	FALSE	FALSE	FALSE	FALSE	FALSE	FALSE
C_F7	Control	Control	Control	TRUE	9.1	2.7	11.8	TRUE	FALSE	FALSE	FALSE	FALSE	FALSE	TRUE
C_F8	Control	Control	Control	FALSE										
C_F9	Control	Control	Control	FALSE										
C_F10	Control	Control	Control	FALSE										
C_G1	Control	Control	Control	TRUE	2.8	3.6	6.4	FALSE	FALSE	TRUE	FALSE	FALSE	FALSE	TRUE
C_G2	Control	Control	Control	TRUE	6.2	4	10.2	FALSE	TRUE	FALSE	FALSE	FALSE	FALSE	TRUE
C_G3	Control	Control	Control	TRUE	8	4.5	12.5	FALSE	FALSE	FALSE	FALSE	TRUE	FALSE	TRUE
C_G4	Control	Control	Control	TRUE	10.5	6	16.5	TRUE	TRUE	TRUE	FALSE	FALSE	FALSE	FALSE
C_G5	Control	Control	Control	TRUE	11.4	5.2	16.6	TRUE	TRUE	TRUE	FALSE	FALSE	FALSE	FALSE
C_G6	Control	Control	Control	TRUE	6	4	10	FALSE	TRUE	FALSE	TRUE	FALSE	FALSE	TRUE
C_G7	Control	Control	Control	TRUE	9.5	6.3	15.8	TRUE	TRUE	FALSE	TRUE	FALSE	FALSE	FALSE
C_G8	Control	Control	Control	TRUE	6.4	5.5	11.9	FALSE	FALSE	FALSE	TRUE	FALSE	TRUE	FALSE
C_G9	Control	Control	Control	FALSE										
C_G10	Control	Control	Control	FALSE										
C_H1	Control	Control	Control	TRUE	7.3	6.3	13.6	FALSE	TRUE	FALSE	TRUE	FALSE	FALSE	FALSE
C_H2	Control	Control	Control	TRUE	0.5	1	1.5	FALSE	FALSE	FALSE	FALSE	FALSE	FALSE	FALSE
C_H3	Control	Control	Control	TRUE	10.5	5.5	16	TRUE	TRUE	FALSE	TRUE	FALSE	FALSE	TRUE
C_H4	Control	Control	Control	TRUE	9.5	5.4	14.9	FALSE	TRUE	FALSE	FALSE	FALSE	FALSE	FALSE
C_H5	Control	Control	Control	TRUE	8.2	6	14.2	TRUE	TRUE	FALSE	FALSE	FALSE	FALSE	FALSE
C_H6	Control	Control	Control	TRUE	1.8	2.2	4	TRUE	FALSE	FALSE	FALSE	FALSE	FALSE	FALSE
C_H7	Control	Control	Control	TRUE	4.3	5.1	9.4	TRUE	TRUE	FALSE	FALSE	FALSE	FALSE	TRUE
C_H8	Control	Control	Control	FALSE										
C_H9	Control	Control	Control	FALSE										
C_H10	Control	Control	Control	FALSE										
C_I1	Control	Control	Control	TRUE	16.8	6.3	23.1	TRUE	TRUE	FALSE	FALSE	FALSE	FALSE	FALSE
C_I2	Control	Control	Control	TRUE	6.1	3.5	9.6	TRUE	TRUE	FALSE	TRUE	FALSE	FALSE	FALSE
C_I3	Control	Control	Control	TRUE	7	3.3	10.3	TRUE	TRUE	TRUE	FALSE	FALSE	FALSE	TRUE
C_I4	Control	Control	Control	TRUE	1	1	2	FALSE	FALSE	TRUE	FALSE	FALSE	FALSE	FALSE
C_I5	Control	Control	Control	TRUE	11.5	3	14.5	TRUE	TRUE	FALSE	FALSE	FALSE	FALSE	FALSE
C_I6	Control	Control	Control	TRUE	7	5	12	TRUE	TRUE	FALSE	TRUE	FALSE	FALSE	FALSE
C_I7	Control	Control	Control	TRUE	7	6.3	13.3	FALSE	TRUE	FALSE	TRUE	FALSE	FALSE	FALSE
C_I8	Control	Control	Control	TRUE	4.5	5.3	9.8	FALSE	TRUE	FALSE	TRUE	FALSE	FALSE	TRUE
C_I9	Control	Control	Control	FALSE										
C_I10	Control	Control	Control	FALSE										
C_J1	Control	Control	Control	TRUE	8.3	6	14.3	FALSE	TRUE	TRUE	FALSE	FALSE	FALSE	FALSE
C_J2	Control	Control	Control	TRUE	4	4.5	8.5	FALSE	TRUE	FALSE	FALSE	FALSE	FALSE	TRUE
C_J3	Control	Control	Control	TRUE	7	7	14	FALSE	TRUE	TRUE	FALSE	FALSE	FALSE	TRUE
C_J4	Control	Control	Control	TRUE	8.2	6	14.2	FALSE	TRUE	TRUE	FALSE	FALSE	FALSE	TRUE
C_J5	Control	Control	Control	TRUE	0.5	1.1	1.6	FALSE	FALSE	FALSE	FALSE	FALSE	FALSE	FALSE
C_J6	Control	Control	Control	FALSE										
C_J7	Control	Control	Control	FALSE										
C_J8	Control	Control	Control	FALSE										
C_J9	Control	Control	Control	FALSE										
C_J10	Control	Control	Control	FALSE										
C_K1	Control	Control	Control	TRUE	7.6	6	13.6	FALSE	TRUE	FALSE	TRUE	FALSE	FALSE	FALSE
C_K2	Control	Control	Control	TRUE	7.5	6.6	14.1	FALSE	FALSE	TRUE	TRUE	FALSE	FALSE	TRUE
C_K3	Control	Control	Control	TRUE	6.7	5	11.7	FALSE	FALSE	TRUE	FALSE	FALSE	FALSE	TRUE
C_K4	Control	Control	Control	TRUE	10	7	17	FALSE	TRUE	FALSE	FALSE	FALSE	FALSE	FALSE
C_K5	Control	Control	Control	FALSE										
C_K6	Control	Control	Control	FALSE										
C_K7	Control	Control	Control	FALSE										
C_K8	Control	Control	Control	FALSE										
C_K9	Control	Control	Control	FALSE										
C_K10	Control	Control	Control	FALSE										
C_L1	Control	Control	Control	TRUE	5.5	7.1	12.6	TRUE	TRUE	FALSE	FALSE	FALSE	FALSE	FALSE
C_L2	Control	Control	Control	TRUE	6.8	6.5	13.3	TRUE	TRUE	TRUE	FALSE	FALSE	FALSE	FALSE
C_L3	Control	Control	Control	TRUE	9.3	5.2	14.5	TRUE	TRUE	FALSE	FALSE	FALSE	FALSE	TRUE
C_L4	Control	Control	Control	TRUE	10.5	6	16.5	FALSE	TRUE	TRUE	FALSE	FALSE	FALSE	TRUE
C_L5	Control	Control	Control	TRUE	9.5	5.2	14.7	TRUE	TRUE	FALSE	FALSE	FALSE	FALSE	TRUE
C_L6	Control	Control	Control	TRUE	8	4.6	12.6	FALSE	TRUE	FALSE	FALSE	FALSE	FALSE	FALSE
C_L7	Control	Control	Control	FALSE										
C_L8	Control	Control	Control	FALSE										
C_L9	Control	Control	Control	FALSE										
C_L10	Control	Control	Control	FALSE										